回数,賞,曲,歌手
1,大賞,黒い花びら,水原弘
1,歌唱賞,夜霧に消えたチャコ,フランク永井
1,童謡賞,やさしい和尚さん,石井亀次郎とキングホウズキ会
2,大賞,誰よりも君を愛す,松尾和子＆和田弘とマヒナスターズ
2,歌唱賞,哀愁波止場,美空ひばり
2,童謡賞,ゆうらんバス,水上房子／キング小鳩会
2,新人賞,潮来笠,橋幸夫
3,大賞,君恋し,フランク永井
3,歌唱賞,硝子のジョニー,アイ・ジョージ
3,童謡賞,かかしのねがいごと,楠トシエ
3,新人奨励賞,川は流れる,仲宗根美樹
3,新人奨励賞,団地のお嬢さん,山中みゆき
3,新人奨励賞,白い花のブルース,平野こうじ
3,新人奨励賞,湖愁,松島アキラ
3,新人奨励賞,むすめ三度笠,蔵野たつ美
3,新人奨励賞,さいはての唄,柳うた子
4,大賞,いつでも夢を,橋幸夫＆吉永小百合
4,歌唱賞,星屑の町,三橋美智也
4,童謡賞,小さい秋みつけた,童謡・唱歌
4,新人賞,なみだ船,北島三郎
4,新人賞,下町の太陽,倍賞千恵子
5,大賞,こんにちは赤ちゃん,梓みちよ
5,歌唱賞,赤ちゃんは王様だ,フランク永井
5,童謡賞,おもちゃのチャチャチャ,真理ヨシコ
5,新人賞,学園広場,舟木一夫
5,新人賞,高校三年生,舟木一夫
5,新人賞,島のブルース,三沢あけみ
5,新人賞,私も流れの渡り鳥,三沢あけみ
6,大賞,愛と死をみつめて,青山和子
6,歌唱賞,夜明けのうた,岸洋子
6,童謡賞,ワンツースリーゴー,音羽ゆりかご会
6,新人賞,君だけを,西郷輝彦
6,新人賞,17才のこの胸に,西郷輝彦
6,新人賞,アンコ椿は恋の花,都はるみ
7,大賞,柔,美空ひばり
7,歌唱賞,ワンレイニーナイト・イン・トーキョー,越路吹雪
7,童謡賞,マーチング・マーチ,天地総子／音羽ゆりかご会
7,新人賞,女心の唄,バーブ佐竹
7,新人賞,愛して愛して愛しちゃったのよ,和田弘とマヒナスターズ＆田代美代子
8,大賞,霧氷,橋幸夫
8,歌唱賞,絶唱,舟木一夫
8,童謡賞,おばけのQ太郎,石川進
8,新人賞,空に星があるように,荒木一郎
8,新人賞,赤い風船,加藤登紀子
9,大賞,ブルー・シャトウ,ジャッキー吉川とブルー・コメッツ
9,歌唱賞,君こそわが命,水原弘
9,歌唱賞,小指の想い出,伊東ゆかり
9,童謡賞,うたう足の歌,杉並合唱団
9,新人賞,恋人と呼んでみたい,永井秀和
9,新人賞,世界は二人のために,佐良直美
10,大賞,天使の誘惑,黛ジュン
10,歌唱賞,誰もいない,菅原洋一
10,歌唱賞,伊勢佐木町ブルース,青江三奈
10,歌唱賞,旅路のひとよ,鶴岡雅義と東京ロマンチカ
10,童謡賞,ペケの歌,長谷川よしみ
10,新人賞,あなたのブルース,矢吹健
10,新人賞,くちづけが怖い,久美かおり
10,新人賞,恋の季節,ピンキーとキラーズ
11,大賞,いいじゃないの幸せならば,佐良直美
11,歌唱賞,池袋の夜,青江三奈
11,歌唱賞,人形の家,弘田三枝子
11,歌唱賞,ひとり寝の子守歌,加藤登紀子
11,童謡賞,うまれたきょうだい１１人,スリー・バブルス
11,新人賞,風,はしだのりひことシューベルツ
11,新人賞,長崎は今日も雨だった,内山田洋とクール・ファイブ
11,新人賞,真夜中のギター,千賀かほる
11,新人賞,みんな夢の中,高田恭子
11,最優秀歌唱賞,港町ブルース,森進一
11,最優秀新人賞,夜と朝のあいだに,ピーター
11,大衆賞,365歩のマーチ,水前寺清子
11,大衆賞,禁じられた恋,森山良子
12,大賞,今日でお別れ,菅原洋一
12,歌唱賞,噂の女,内山田洋とクール・ファイブ
12,歌唱賞,希望,岸洋子
12,歌唱賞,波止場おんなのブルース,森進一
12,歌唱賞,手紙,由紀さおり
12,童謡賞,ムーミンのテーマ,玉川さきこ
12,新人賞,経験,辺見マリ
12,新人賞,一度だけなら,野村将希
12,新人賞,愛のきずな,安倍里葎子
12,新人賞,走れコータロー,ソルティー・シュガー
12,最優秀新人賞,もう恋なのか,錦野旦
12,大衆賞,命預けます,藤圭子
12,大衆賞,ドリフのズンドコ節,ザ・ドリフターズ
13,大賞,また逢う日まで,尾崎紀世彦
13,歌唱賞,よこはまたそがれ,五木ひろし
13,歌唱賞,知床旅情,加藤登紀子
13,歌唱賞,さいはて慕情,渚ゆう子
13,童謡賞,じんじん,ひばり児童合唱団
13,新人賞,17才,南沙織
13,新人賞,燃える恋人,本郷直樹
13,新人賞,雨の御堂筋,欧陽菲菲
13,新人賞,恋人もいないのに,シモンズ
13,最優秀歌唱賞,おふくろさん,森進一
13,最優秀新人賞,私の城下町,小柳ルミ子
13,大衆賞,傷だらけの人生,鶴田浩二
13,大衆賞,さらば恋人,堺正章
14,大賞,喝采,ちあきなおみ
14,歌唱賞,瀬戸の花嫁,小柳ルミ子
14,歌唱賞,夜汽車の女,五木ひろし
14,歌唱賞,許されない愛,沢田研二
14,童謡賞,ピンポンパン体操,杉並児童合唱団・お兄さん(金森勢)
14,新人賞,太陽がくれた季節,青い三角定規
14,新人賞,男の子女の子,郷ひろみ
14,新人賞,雨,三善英史
14,新人賞,せんせい,森昌子
14,最優秀歌唱賞,あの鐘を鳴らすのはあなた,和田アキ子
14,最優秀新人賞,芽ばえ,麻丘めぐみ
14,大衆賞,子連れ狼,橋幸夫
14,大衆賞,ひとりじゃないの,天地真理
15,大賞,夜空,五木ひろし
15,歌唱賞,ちぎれた愛,西城秀樹
15,歌唱賞,なみだ恋,八代亜紀
15,歌唱賞,白いギター,チェリッシュ
15,童謡賞,ママと僕の四季,大鹿太
15,新人賞,赤い風船,浅田美代子
15,新人賞,涙の太陽,安西マリア
15,新人賞,コーヒーショップで,あべ静江
15,新人賞,草原の輝き,アグネス・チャン
15,最優秀歌唱賞,恋文,由紀さおり
15,最優秀新人賞,わたしの青い鳥,桜田淳子
15,大衆賞,わたしの彼は左きき,麻丘めぐみ
15,大衆賞,ロマンス,ガロ
15,大衆賞,危険なふたり,沢田研二
16,大賞,襟裳岬,森進一
16,歌唱賞,傷だらけのローラ,西城秀樹
16,歌唱賞,追憶,沢田研二
16,歌唱賞,積木の部屋,布施明
16,歌唱賞,愛の執念,八代亜紀
16,新人賞,恋はダンダン,浅野ゆう子
16,新人賞,太陽の日曜日,荒川務
16,新人賞,イルカにのった少年,城みちる
16,新人賞,空港,テレサ・テン
16,新人賞,あなたにあげる,西川峰子
16,最優秀歌唱賞,みれん,五木ひろし
16,最優秀新人賞,逃避行,麻生よう子
16,大衆賞,二人でお酒を,梓みちよ
16,大衆賞,なみだの操,殿さまキングス
16,大衆賞,うそ,中条きよし
16,大衆賞,ひと夏の経験,山口百恵
16,ヤングアイドル賞,恋のアメリカン・フットボール,フィンガー5
17,大賞,シクラメンのかほり,布施明
17,歌唱賞,私鉄沿線,野口五郎
17,歌唱賞,人恋しくて,南沙織
17,歌唱賞,花車,小柳ルミ子
17,新人賞,ロマンス,岩崎宏美
17,新人賞,夜の訪問者,小川順子
17,新人賞,美しい契り,片平なぎさ
17,新人賞,雨だれ,太田裕美
17,最優秀歌唱賞,千曲川,五木ひろし
17,最優秀新人賞,心のこり,細川たかし
17,大衆賞,十七の夏,桜田淳子
18,大賞,北の宿から,都はるみ
18,歌唱賞,あばよ,研ナオコ
18,歌唱賞,針葉樹,野口五郎
18,歌唱賞,若き獅子たち,西城秀樹
18,新人賞,雪ごもり,芦川よしみ
18,新人賞,嘘でもいいの,角川博
18,新人賞,嫁に来ないか,新沼謙治
18,新人賞,ペッパー警部,ピンク・レディー
18,最優秀歌唱賞,もう一度逢いたい,八代亜紀
18,最優秀新人賞,思い出ぼろぼろ,内藤やす子
18,大衆賞,あなたがいたから僕がいた,郷ひろみ
19,大賞,勝手にしやがれ,沢田研二
19,歌唱賞,秋桜（コスモス）,山口百恵
19,歌唱賞,思秋期,岩崎宏美
19,歌唱賞,津軽海峡冬景色,石川さゆり
19,新人賞,あずさ２号,狩人
19,新人賞,アル・パシーノ＋アラン・ドロン＜あなた,榊原郁恵
19,新人賞,硝子坂,高田みづえ
19,新人賞,Lui-Lui（ルイ・ルイ）,太川陽介
19,最優秀歌唱賞,愛の終着駅,八代亜紀
19,最優秀新人賞,帰らない,清水健太郎
19,大衆賞,ウォンテッド,ピンク・レディー
20,大賞,ＵＦＯ,ピンク・レディー
20,新人賞,失恋記念日,石野真子
20,新人賞,青葉城恋唄,さとう宗幸
20,新人賞,Deep,渋谷哲平
20,新人賞,東京ららばい,中原理恵
20,最優秀歌唱賞,LOVE（抱きしめたい）,沢田研二
20,最優秀新人賞,かもめが翔んだ日,渡辺真知子
20,金賞,かもめはかもめ,研ナオコ
20,金賞,グッド・ラック  Good Luck,野口五郎
20,金賞,しあわせ芝居,桜田淳子
20,金賞,シンデレラ・ハネムーン,岩崎宏美
20,金賞,たそがれマイ・ラブ,大橋純子
20,金賞,故郷へ…,八代亜紀
20,金賞,ブルースカイブルー,西城秀樹
20,金賞,プレイバック Part2,山口百恵
20,金賞,UFO,ピンク・レディー
20,金賞,LOVE（抱きしめたい）,沢田研二
21,大賞,魅せられて,ジュディ・オング
21,新人賞,好きだから,井上望
21,新人賞,HOW!ワンダフル,倉田まり子
21,新人賞,私のハートはストップモーション,桑江知子
21,新人賞,September,竹内まりや
21,新人賞,おんなの出船,松原のぶえ
21,最優秀歌唱賞,おもいで酒,小林幸子
21,最優秀新人賞,私のハートはストップモーション,桑江知子
21,金賞,おまえとふたり,五木ひろし
21,金賞,おもいで酒,小林幸子
21,金賞,カサブランカ・ダンディ,沢田研二
21,金賞,関白宣言,さだまさし
21,金賞,しなやかに歌って,山口百恵
21,金賞,ビューティフル・ネーム,ゴダイゴ
21,金賞,舟唄,八代亜紀
21,金賞,万華鏡,岩崎宏美
21,金賞,魅せられて,ジュディ・オング
21,金賞,勇気があれば,西城秀樹
21,ロング・セラー賞,夢追い酒,渥美二郎
21,ロング・セラー賞,花街の母,金田たつえ
21,ロング・セラー賞,北国の春,千昌夫
21,ロング・セラー賞,みちづれ,牧村三枝子
22,大賞,雨の慕情,八代亜紀
22,新人賞,あなた色のマノン,岩崎良美
22,新人賞,ヤング・ボーイ,河合奈保子
22,新人賞,ハッとして！Good,田原俊彦
22,新人賞,青い珊瑚礁,松田聖子
22,新人賞,帰ってこいよ,松村和子
22,最優秀歌唱賞,大坂しぐれ,都はるみ
22,最優秀新人賞,ハッとして！Good,田原俊彦
22,金賞,雨の慕情,八代亜紀
22,金賞,あれから一年たちました,小林幸子
22,金賞,大阪しぐれ,都はるみ
22,金賞,銀河伝説,岩崎宏美
22,金賞,恋人よ,五輪真弓
22,金賞,酒場でDABADA,沢田研二
22,金賞,サンタマリアの祈り,西城秀樹
22,金賞,ダンシング・オールナイト,もんた＆ブラザーズ
22,金賞,ふたりの夜明け,五木ひろし
22,金賞,私はピアノ,高田みづえ
22,ロング・セラー賞,別れても好きなひと,ロス・インディオス＆シルビア
23,大賞,ルビーの指輪,寺尾聰
23,新人賞,ギンギラギンにさりげなく,近藤真彦
23,新人賞,てれてZinZin,竹本孝之
23,新人賞,父さん,裕子と弥生
23,新人賞,函館本線,山川豊
23,新人賞,はみだしチャンピオン,沖田浩之
23,最優秀歌唱賞,すみれ色の涙,岩崎宏美
23,最優秀新人賞,ギンギラギンにさりげなく,近藤真彦
23,金賞,あなたひとすじ,川中美幸
23,金賞,命あたえて,森進一
23,金賞,哀しみ本線日本海,森昌子
23,金賞,人生かくれんぼ,五木ひろし
23,金賞,ス・ト・リ・ッ・パ・ー,沢田研二
23,金賞,すみれ色の涙,岩崎宏美
23,金賞,センチメンタルガール,西城秀樹
23,金賞,街角トワイライト,シャネルズ
23,金賞,もしもピアノが弾けたなら,西田敏行
23,金賞,ルビーの指輪,寺尾聰
23,ロング・セラー賞,ブランデーグラス,石原裕次郎
23,ロング・セラー賞,みちのくひとり旅,山本譲二
23,ロング・セラー賞,奥飛騨慕情,竜鉄也
24,大賞,北酒場,細川たかし
24,新人賞,ゆ・れ・て湘南,石川秀美
24,新人賞,100%…Soかもね,シブがき隊
24,新人賞,アンサーソングは哀愁,早見優
24,新人賞,待ちぼうけ,堀ちえみ
24,新人賞,センチメンタル・ジャーニー,松本伊代
24,最優秀歌唱賞,シルエット・ロマンス,大橋純子
24,最優秀新人賞,100%…Soかもね,シブがき隊
24,金賞,越前岬,川中美幸
24,金賞,花梨,柏原芳恵
24,金賞,北酒場,細川たかし
24,金賞,けんかをやめて,河合奈保子
24,金賞,小麦色のマーメイド,松田聖子
24,金賞,聖・少女,西城秀樹
24,金賞,契り,五木ひろし
24,金賞,夏をあきらめて,研ナオコ
24,金賞,誘惑スレスレ,田原俊彦
24,金賞,６番目のユ・ウ・ウ・ツ,沢田研二
24,ロングセラー賞,望郷酒場,千昌夫
24,ロングセラー賞,夫婦舟,三笠優子
25,大賞,矢切の渡し,細川たかし
25,新人賞,恋あなたしだい,岩井小百合
25,新人賞,ダンシング・レディ,大沢逸美
25,新人賞,よこはまチャチャ,小野さとる
25,新人賞,もしかして・ドリーム,桑田靖子
25,新人賞,きまぐれONE WAY BOY,THE GOOD-BYE
25,最優秀歌唱賞,越冬つばめ,森昌子
25,最優秀新人賞,きまぐれONE WAY BOY,THE GOOD-BYE
25,金賞,家路,岩崎宏美
25,金賞,エスカレーション,河合奈保子
25,金賞,ガラスの林檎,松田聖子
25,金賞,ギャランドゥ,西城秀樹
25,金賞,そんなヒロシに騙されて,高田みづえ
25,金賞,春なのに,柏原芳恵
25,金賞,ピエロ,田原俊彦
25,金賞,ミッド・ナイト・ステーション,近藤真彦
25,金賞,め組のひと,RATS＆STAR
25,金賞,矢切の渡し,細川たかし
25,ロング・セラー賞,さざんかの宿,大川栄策
25,ロング・セラー賞,ラヴ・イズ・オーヴァー,欧陽菲菲
25,ロング・セラー賞,氷雨,佳山明生
25,特別金賞,細雪,五木ひろし
25,特別金賞,きめてやる今夜,沢田研二
25,特別金賞,浪花恋しぐれ,都はるみ
25,特別金賞,冬のリヴィエラ,森進一
25,特別金賞,日本海,八代亜紀
26,大賞,長良川艶歌,五木ひろし
26,新人賞,前略、道の上より,一世風靡セピア
26,新人賞,恋、はじめまして,岡田有希子
26,新人賞,サマーアイズ,菊池桃子
26,新人賞,モニカ,吉川晃司
26,新人賞,バージンブルー,SALLY
26,最優秀歌唱賞,浪花節だよ人生は,細川たかし
26,最優秀新人賞,恋 はじめまして,岡田有希子
26,金賞,北ウイング,中森明菜
26,金賞,北の蛍,森進一
26,金賞,唇のプライバシー,河合奈保子
26,金賞,最愛,柏原芳恵
26,金賞,浪花節だよ人生は,細川たかし
26,金賞,長良川艶歌,五木ひろし
26,金賞,ピンクのモーツァルト,松田聖子
26,金賞,星屑のステージ,チェッカーズ
26,金賞,もしかしてPART II,小林幸子・美樹克彦
26,金賞,ワインレッドの心,安全地帯
27,大賞,ミ・アモーレ,中森明菜
27,新人賞,Temptation,本田美奈子.
27,新人賞,恋におちて,小林明子
27,新人賞,C,中山美穂
27,新人賞,雨のハイスクール,芳本美代子
27,新人賞,さよならと言われて,松本典子
27,最優秀歌唱賞,波止場しぐれ,石川さゆり
27,最優秀新人賞,Ｃ,中山美穂
27,金賞,男船,神野美伽
27,金賞,そして…めぐり逢い,五木ひろし
27,金賞,タッチ,岩崎良美
27,金賞,デビュー,河合奈保子
27,金賞,PASSION,早見優
27,金賞,望郷じょんから,細川たかし
27,金賞,ミ・アモーレ,中森明菜
27,金賞,悲しみにさよなら,安全地帯
27,金賞,ジュリアに傷心,チェッカーズ
27,金賞,Romanticが止まらない,C-C-B
28,大賞,DESIRE,中森明菜
28,新人賞,CYA-CHA-CYA,石井明美
28,新人賞,仮面舞踏会,少年隊
28,新人賞,わたし、ドリーミング,西村知美
28,新人賞,夢飛行,真璃子
28,新人賞,乙女日和,水谷麻里
28,最優秀歌唱賞,北の漁場,北島三郎
28,最優秀新人賞,仮面舞踏会,少年隊
28,金賞,熱き心に,小林旭
28,金賞,天城越え,石川さゆり
28,金賞,さだめ川,細川たかし
28,金賞,Dance Beatは夜明けまで,荻野目洋子
28,金賞,ツイてるねノッてるね,中山美穂
28,金賞,DESIRE,中森明菜
28,金賞,時の流れに身をまかせ,テレサ・テン
28,金賞,浪花杯,五木ひろし
28,金賞,Baby Rose,近藤真彦
28,金賞,My Revolution,渡辺美里
28,ベストアーチスト賞,DESIRE,中森明菜
29,大賞,愚か者,近藤真彦
29,新人賞,ノ・レ・な・い Teen—age,酒井法子
29,新人賞,あばれ太鼓,坂本冬美
29,新人賞,キミはとんどくらい,立花理佐
29,新人賞,人見知り,畠田理恵
29,新人賞,I Don’T know,BaBe
29,最優秀歌唱賞,女の駅,大月みやこ
29,最優秀新人賞,キミはどんとくらい,立花理佐
29,金賞,命くれない,瀬川瑛子
29,金賞,愚か者,近藤真彦
29,金賞,君だけに,少年隊
29,金賞,追憶,五木ひろし
29,金賞,難破船,中森明菜
29,金賞,濡れた髪のLonely,池田聡
29,金賞,Marionette,BOφWY
29,金賞,無錫旅情,尾形大作
29,金賞,夫婦善哉,石川さゆり
29,金賞,六本木純情派,荻野目洋子
29,ベストアーチスト賞,君だけに,少年隊
30,大賞,パラダイス銀河,光GENJI
30,新人賞,ABコンプレックス,相川恵理
30,新人賞,DAYBREAK,男闘呼組
30,新人賞,雨酒場,香西かおり
30,新人賞,89番目の星座,伸村知夏
30,新人賞,JUST ONE MORE KISS TO SEARCHI,BUCK-TICK
30,新人賞,王将一代小春しぐれ,大和さくら
30,最優秀歌唱賞,人生いろいろ,島倉千代子
30,最優秀新人賞,DAYBREAK,男闘呼組
30,金賞,あぁ、グッと,近藤真彦
30,金賞,祝い酒,坂本冬美
30,金賞,ANGEL,氷室京介
30,金賞,乾杯,長渕剛
30,金賞,人生いろいろ,島倉千代子
30,金賞,ストレンジャーTonight,荻野目洋子
30,金賞,TATTOO,中森明菜
30,金賞,パラダイス銀河,光GENJI
30,金賞,BEYOND THE TIME,TM NETWORK
30,金賞,北緯五十度,細川たかし
30,金賞,乱れ花,大月みやこ
30,金賞,港の五番町,五木ひろし
30,金賞,MUGO・ん…色っぽい,工藤静香
30,金賞,You’re My Only SHINEN’ STAR,中山美穂
30,金賞,You Were Mine,久保田利伸
31,大賞,淋しい熱帯魚,Wink
31,新人賞,恋やどり,尾鷲義人
31,新人賞,夢だけみてる,川越美和
31,新人賞,男同士,香田晋
31,新人賞,真剣,田村英里子
31,新人賞,ふりむけばヨコハマ,マルシア
31,最優秀歌唱賞,風の盆恋歌,石川さゆり
31,最優秀新人賞,ふりむけばヨコハマ,マルシア
31,金賞,男の情話,坂本冬美
31,金賞,風の盆恋歌,石川さゆり
31,金賞,川の流れのように,美空ひばり
31,金賞,北国へ,細川たかし
31,金賞,淋しい熱帯魚,Wink
31,金賞,TIME ZONE,男闘呼組
31,金賞,太陽がいっぱい,光GENJI
31,金賞,ユア・マイ・ライフ,荻野目洋子
31,金賞,酔いどれて,桂銀淑
31,金賞,リゾ・ラバ,爆風スランプ
31,特別栄誉歌手賞,川の流れのように,美空ひばり
32,最優秀歌唱賞,蛍,松原のぶえ
32,レコード大賞,恋唄綴り,堀内孝雄
32,レコード大賞,おどるポンポコリン,B.B.クイーンズ
32,最優秀歌謡曲新人賞,愛されてセレナーデ,ヤン・スギョン
32,最優秀演歌新人賞,一円玉の旅がらす,晴山さおり
32,歌謡曲ゴールド・ディスク賞,恋唄綴り,堀内孝雄
32,最優秀ポップス・ボーカル賞,告白,竹内まりや
32,最優秀ロック・ボーカル賞,真夏の果実,サザンオールスターズ
32,最優秀ポップス新人賞,お祭り忍者,忍者
32,最優秀ロック新人賞,さよなら人類,たま
32,ポップス・ゴールド・ディスク賞,おどるポンポコリン,B.B.クイーンズ
32,ロック・ゴールド・ディスク賞,真夏の果実,サザンオールスターズ
33,新人賞,やせがまん,唐木淳
33,新人賞,ものまね！想い出の九十九里浜,Mi-Ke
33,新人賞,赤い花束,中嶋美智代
33,新人賞,どんなときも…,槇原敬之
33,新人賞,想い出の九十九里浜,Mi-Ke
33,新人賞,伝説の少女,観月ありさ
33,最優秀歌唱賞,火の国の女,坂本冬美
33,最優秀新人賞,やせがまん,唐木淳
33,最優秀新人賞,想い出の九十九里浜,Mi-Ke
33,レコード大賞,北の大地,北島三郎
33,レコード大賞,愛は勝つ,KAN
33,ゴールド・ディスク賞,流恋草,香西かおり
33,ゴールド・ディスク賞,北の大地,北島三郎
33,ゴールド・ディスク賞,悲しみの訪問者,桂銀淑
33,ゴールド・ディスク賞,愛は勝つ,KAN
33,ゴールド・ディスク賞,あなたに会えてよかった,小泉今日子
33,ゴールド・ディスク賞,SAY YES,CHAGE and ASKA
33,ゴールド・ディスク賞,はじまりはいつも雨,ASKA
33,ゴールド・ディスク賞,ラブ・ストーリーは突然に,小田和正
33,最優秀ボーカル賞,はじまりはいつも雨,ASKA
34,新人賞,女…ひとり旅,田川寿美
34,新人賞,大阪すずめ,永井みゆき
34,新人賞,DA・KA・RA,大黒摩季
34,新人賞,You’re the only…,小野正利
34,新人賞,今度私どこか連れていって下さいよ,加藤紀子
34,新人賞,もう一度逢いたくて,高橋洋子
34,最優秀歌唱賞,夜桜,山川豊
34,最優秀新人賞,大阪すずめ,永井みゆき
34,最優秀新人賞,You’re the only…,小野正利
34,レコード大賞,白い海峡,大月みやこ
34,レコード大賞,君がいるだけで,米米CLUB
34,ゴールド・ディスク賞,白い海峡,大月みやこ
34,ゴールド・ディスク賞,都会の天使たち,堀内孝雄＆桂銀淑
34,ゴールド・ディスク賞,花挽歌,香西かおり
34,ゴールド・ディスク賞,君がいるだけで,米米CLUB
34,ゴールド・ディスク賞,決戦は金曜日,DREAMS COME TRUE
34,ゴールド・ディスク賞,何も言えなくて…夏,JAYWALK
34,ゴールド・ディスク賞,涙のキッス,サザンオールスターズ
34,ゴールド・ディスク賞,はがゆい唇,高橋真梨子
34,最優秀ボーカル賞,きっと、また逢える…,松田聖子
35,新人賞,ポケベルが鳴らなくて,国武万里
35,新人賞,Passing Love,周冰倩
35,新人賞,Get Along Together,山根康広
35,最優秀歌唱賞,別れ曲でも唄って,前川清
35,最優秀新人賞,Get Along Together,山根康広
35,レコード大賞,無言坂,香西かおり
35,ベストソング賞,島唄,THE BOOM
35,ミュージックビデオ賞,EZ DO DANCE,TRF
35,ミュージックビデオ賞,THE 8TH OF ACE,米米CLUB谷村新司
36,新人賞,海峡恋歌,西尾夕紀
36,新人賞,憧夢〜風に向かって,Be-B
36,新人賞,土佐のおんな節,水田竜子
36,最優秀歌唱賞,逢えるじゃないかまたあした,川中美幸
36,最優秀新人賞,海峡恋歌,西尾夕紀
36,レコード大賞,innocent world,Mr.Children
36,ミュージックビデオ賞,ROSIER,LUNA SEA
36,ミュージックビデオ賞,神様の宝石でできた島,MIYA・YAMI
36,優秀賞,月,桑田佳祐
36,優秀賞,花のように 鳥のように,桂銀淑
36,優秀賞,夜桜お七,坂本冬美
36,優秀賞,恋しさと せつなさと 心強さと,篠原涼子 with t.komuro
36,優秀賞,survivaldAnce〜no no cry more,TRF
36,優秀賞,めおと酒,長山洋子
36,優秀賞,今を抱きしめて,NOA
36,優秀賞,花のワルツ,藤あや子
36,優秀賞,愛が生まれた日,藤谷美和子・大内義昭
36,優秀賞,innocent world,Mr.Children
37,最優秀歌唱賞,夢街道,山本譲二
37,最優秀新人賞,桃と林檎の物語,美山純子
37,レコード大賞,OVERNIGHT SENSATION 〜時代はあなたに委ねてる〜,TRF
37,優秀作品賞,愛すること,辛島美登里
37,優秀作品賞,碧いうさぎ,酒井法子
37,優秀作品賞,OVERNIGHT SENSATION〜時代はあなたに委ねている〜,TRF
37,優秀作品賞,KANSHAして,SMAP
37,優秀作品賞,シーソーゲーム〜勇敢な恋の歌〜,Mr.Children
37,優秀作品賞,捨てられて,長山洋子
37,優秀作品賞,ズルい女,シャ乱Q
37,優秀作品賞,旅まくら,天童よしみ
37,優秀作品賞,TRY ME〜私を信じて〜,安室奈美恵 with SUPER MONKEY'S
37,優秀作品賞,ロビンソン,スピッツ
38,レコード大賞,Don’t wanna cry,安室奈美恵
38,優秀作品賞,Don’t wanna cry,安室奈美恵
38,優秀作品賞,バンザイ〜好きでよかった〜,ウルフルズ
38,優秀作品賞,I’m Proud,華原朋美
38,優秀作品賞,DEPARTURES,globe
38,優秀作品賞,蛍の提灯,坂本冬美
38,優秀作品賞,いいわけ,シャ乱Q
38,優秀作品賞,そばかす,JUDY AND MARY
38,優秀作品賞,倖せにしてね,長山洋子
38,優秀作品賞,アジアの純真,PUFFY
38,優秀作品賞,紅,藤あや子
39,レコード大賞,CAN YOU CELEBRATE?,安室奈美恵
39,優秀作品賞,CAN YOU CELEBRATE?,安室奈美恵
39,優秀作品賞,Dear My Friend,Every Little Thing
39,優秀作品賞,夫婦みち,オーロラ輝子(河合美智子)
39,優秀作品賞,Glass,河村隆一
39,優秀作品賞,HOWEVER,GLAY
39,優秀作品賞,すき,香西かおり
39,優秀作品賞,WHITE LOVE,SPEED
39,優秀作品賞,珍島物語,天童よしみ
39,優秀作品賞,Give me Shake,MAX
39,優秀作品賞,ひだまりの詩,Le Couple
40,レコード大賞,Wanna Be A Dreammaker,globe
40,優秀作品賞,哀愁港,田川寿美
40,優秀作品賞,ALIVE,SPEED
40,優秀作品賞,SOUL LOVE,GLAY
40,優秀作品賞,Time goes by,Every Little Thing
40,優秀作品賞,長い間,Kiroro
40,優秀作品賞,二輪草,川中美幸
40,優秀作品賞,HONEY,L'Arc～en～Ciel
40,優秀作品賞,Ride on time,MAX
40,優秀作品賞,Rhapsody in Blue,DA PUMP
40,優秀作品賞,wanna Be A Dreammaker,globe
41,レコード大賞,"Winter, again",GLAY
41,優秀作品賞,あの紙ヒコーキ くもり空わって,19
41,優秀作品賞,"Winter, again",GLAY
41,優秀作品賞,Automatic,宇多田ヒカル
41,優秀作品賞,北海岸,田川寿美
41,優秀作品賞,君影草,川中美幸
41,優秀作品賞,だんご３兄弟,茂森あゆみ・速水けんたろう
41,優秀作品賞,津軽の花,原田悠里
41,優秀作品賞,Boys&Girls,浜崎あゆみ
41,優秀作品賞,ラストチャンス,Something ELse
41,優秀作品賞,LOVEマシーン,モーニング娘。
42,レコード大賞,TSUNAMI,サザンオールスターズ
42,優秀作品賞,あなたのキスを数えましょう 〜You were mine〜,小柳ゆき
42,優秀作品賞,if…,DA PUMP
42,優秀作品賞,恋のダンスサイト,モーニング娘。
42,優秀作品賞,こぼれ月,田川寿美
42,優秀作品賞,SEASONS,浜崎あゆみ
42,優秀作品賞,TSUNAMI,サザンオールスターズ
42,優秀作品賞,Treasure,hiro
42,優秀作品賞,孫,大泉逸郎
42,優秀作品賞,夢ひとすじ,原田悠里
42,優秀作品賞,LOVE 2000,hitomi
43,金賞,fragile,Every Little Thing
43,金賞,大河の流れ,川中美幸
43,金賞,いつも何度でも,木村弓
43,金賞,白い恋人達,桑田佳祐
43,金賞,海鳴り,田川寿美
43,金賞,Steppin’and Shakin',DA PUMP
43,金賞,春が来た,天童よしみ
43,金賞,Dearest,浜崎あゆみ
43,金賞,三年ぶりの人だから,原田悠里
43,金賞,大井追っかけ音次郎,氷川きよし
43,金賞,IS IT YOU?,hitomi
43,金賞,Your innocence,hiro
43,レコード大賞,Dearest,浜崎あゆみ
44,金賞,亜麻色の髪の乙女,島谷ひとみ
44,金賞,Eternal Place,hiro
44,金賞,おんな坂,原田悠里
44,金賞,貴船の宿,川中美幸
44,金賞,きよしのズンドコ節,氷川きよし
44,金賞,キヲク,Every Little Thing
44,金賞,さとうきび畑,森山良子
44,金賞,涙そうそう,夏川りみ
44,金賞,女人高野,田川寿美
44,金賞,Because of you,w-inds.
44,金賞,Voyage,浜崎あゆみ
44,金賞,LISTEN TO MY HEART,BoA
44,レコード大賞,Voyage,浜崎あゆみ
45,金賞,浮雲ふたり,神野美伽
45,金賞,おんなの一生〜汗の花〜,川中美幸
45,金賞,DOUBLE,BoA
45,金賞,Together,EXILE
45,金賞,鳥取砂丘,水森かおり
45,金賞,Night Walk,DA PUMP
45,金賞,No way to say,浜崎あゆみ
45,金賞,白雲の城,氷川きよし
45,金賞,Perseus -ペルセウス-,島谷ひとみ
45,金賞,雪の華,中島美嘉
45,金賞,Long Road,w-inds.
45,金賞,童神〜ヤマトグチ〜,夏川りみ
45,レコード大賞,No way to say,浜崎あゆみ
46,金賞,あかね雲,神野美伽
46,金賞,愛よ愛よ[かなよかなよ],夏川りみ
46,金賞,あなたがいれば,華原朋美
46,金賞,Carry On,EXILE
46,金賞,QUINCY,BoA
46,金賞,Sign,Mr.Children
46,金賞,釧路湿原,水森かおり
46,金賞,桜,河口恭吾
46,金賞,Night Deluxe,Lead
46,金賞,氷見[ひみ]の雪,原田悠里
46,金賞,番場の忠太郎,氷川きよし
46,金賞,胸焦がす,DA PUMP
46,レコード大賞,Sign,Mr.Children
47,金賞,あたらしい季節へ,Lead
47,金賞,十六夜の月,w-inds.
47,金賞,Eventful,鈴木亜美
47,金賞,ココロツタエ,夏川りみ
47,金賞,五能線,水森かおり
47,金賞,桜,コブクロ
47,金賞,沙[すな]の川,原田悠里
47,金賞,Butterfly,倖田來未
47,金賞,初恋列車,氷川きよし
47,金賞,プラネタリウム,大塚愛
47,レコード大賞,Butterfly,倖田來未
48,金賞,一剣,氷川きよし
48,金賞,Winter Love,BoA
48,金賞,気分上々↑↑,mihimaru GT
48,金賞,君という名の翼,コブクロ
48,金賞,熊野古道,水森かおり
48,金賞,ブギウギ66,w-inds.
48,金賞,Fly High,中ノ森BAND
48,金賞,ボクノート,スキマスイッチ
48,金賞,夢のうた,倖田來未
48,金賞,恋愛写真,大塚愛
48,レコード大賞,一剣,氷川きよし
49,金賞,愛のうた,倖田來未
49,金賞,金沢の雨,川中美幸
49,金賞,きよしのソーラン節,氷川きよし
49,金賞,Jewelry day,絢香
49,金賞,蕾（つぼみ）,コブクロ
49,金賞,時の描片 〜トキノカケラ〜,EXILE
49,金賞,PEACHI,大塚愛
49,金賞,ひとり薩摩路,水森かおり
49,金賞,LOVE IS THE GREATEST THING,w-inds.
49,金賞,LOVE LETTER,BoA
49,レコード大賞,蕾（つぼみ）,コブクロ
50,レコード大賞,Ti Amo,EXILE
50,優秀作品賞,愛のままで…,秋元順子
50,優秀作品賞,アメあと,w-inds.
50,優秀作品賞,江戸の手鞠唄II,℃-ute
50,優秀作品賞,ギリギリHERO,mihimaru GT
50,優秀作品賞,玄海船歌,氷川きよし
50,優秀作品賞,JUNGLE DANCE,谷村奈南
50,優秀作品賞,そばにいるね,青山テルマ feat.SoulJa
50,優秀作品賞,Ti Amo,EXILE
50,優秀作品賞,どうして君を好きになってしまったんだろう？,東方神起
50,優秀作品賞,Moon Crying,倖田來未
50,優秀作品賞,やぁ無情,斉藤和義
50,優秀作品賞,輪島朝市,水森かおり
51,レコード大賞,Someday,EXILE
51,優秀作品賞,安芸の宮島,水森かおり
51,優秀作品賞,Infinity,girl next door
51,優秀作品賞,YELL,いきものがかり
51,優秀作品賞,おまえを連れて,北川大介
51,優秀作品賞,手紙〜親愛なる子供たちへ〜,樋口了一
51,優秀作品賞,Someday,EXILE
51,優秀作品賞,Stand by U,東方神起
51,優秀作品賞,ときめきのルンバ,氷川きよし
51,優秀作品賞,また君に恋してる,坂本冬美
51,優秀作品賞,Lick me♥,倖田來未
51,優秀作品賞,Rain Is Fallin',w-inds.×G-DRAGON(BIG BANG)
52,レコード大賞,I Wish For You,EXILE
52,優秀作品賞,I Wish For You,EXILE
52,優秀作品賞,逢いたい理由,AAA
52,優秀作品賞,ありがとう,いきものがかり
52,優秀作品賞,Tell Me Goodbye,BIGBANG
52,優秀作品賞,トイレの神様,植村花菜
52,優秀作品賞,虹色バイヨン,氷川きよし
52,優秀作品賞,New World,w-inds.
52,優秀作品賞,Beginner,AKB48
52,優秀作品賞,松島紀行,水森かおり
52,優秀作品賞,Ready to be a lady,girl next door
53,レコード大賞,フライングゲット,AKB48
53,優秀作品賞,Esperanza,西野カナ
53,優秀作品賞,GO GO サマー！,KARA
53,優秀作品賞,CALL,AAA
53,優秀作品賞,この夜を止めてよ,JUJU
53,優秀作品賞,庄内平野 風の中,水森かおり
53,優秀作品賞,情熱のマリアッチ,氷川きよし
53,優秀作品賞,それでも信じてる,FUNKY MONKEY BABYS
53,優秀作品賞,フライングゲット,AKB48
53,優秀作品賞,Why? (Keep Your Head Down),東方神起
53,優秀作品賞,笑ってたいんだ,いきものがかり
54,レコード大賞,真夏のSound good!,AKB48
54,優秀作品賞,ありがとう,JUJU
54,優秀作品賞,風が吹いている,いきものがかり
54,優秀作品賞,GO FOR IT!!,西野カナ
54,優秀作品賞,櫻,氷川きよし
54,優秀作品賞,酒のやど,香西かおり
54,優秀作品賞,777 〜We can sing a song! 〜,AAA
54,優秀作品賞,花火,三代目 J SOUL BROTHERS from EXILE TRIBE
54,優秀作品賞,White Angel,フェアリーズ
54,優秀作品賞,真夏のSounds good !,AKB48
54,優秀作品賞,やさしくなりたい,斉藤和義
55,大賞,EXILE PRIDE〜こんな世界を愛するため〜,EXILE
55,優秀作品賞,伊勢めぐり,水森かおり
55,優秀作品賞,笑顔,いきものがかり
55,優秀作品賞,EXILE PRIDE 〜こんな世界を愛するために〜,EXILE
55,優秀作品賞,男の火祭り,坂本冬美
55,優秀作品賞,恋音と雨空,AAA
55,優秀作品賞,恋するフォーチュンクッキー,AKB48
55,優秀作品賞,さよなら,西野カナ
55,優秀作品賞,太陽の女神,家入レオ
55,優秀作品賞,にんじゃりばんばん,きゃりーぱみゅぱみゅ
55,優秀作品賞,満天の瞳,氷川きよし
56,優秀作品賞,雨のち晴レルヤ,ゆず
56,優秀作品賞,さよならの前に,AAA
56,優秀作品賞,Daling,西野カナ
56,優秀作品賞,ちょいときまぐれ渡り鳥,氷川きよし
56,優秀作品賞,東京VICTORY,サザンオールスターズ
56,優秀作品賞,熱情のスペクトラム,いきものがかり
56,優秀作品賞,ファミリーパーティー,きゃりーぱみゅぱみゅ
56,優秀作品賞,炎と森のカーニバル,SEKAI NO OWARI
56,優秀作品賞,ラブラドール・レトリバー,AKB48
56,優秀作品賞,Ｒ.Ｙ.Ｕ.Ｓ.Ｅ.Ｉ,三代目 J SOUL BROTHERS from EXILE TRIBE
56,日本レコード大賞,Ｒ.Ｙ.Ｕ.Ｓ.Ｅ.Ｉ.,三代目 J SOUL BROTHERS from EXILE TRIBE
57,優秀作品賞,愛してるのに、愛せない,AAA
57,優秀作品賞,ありがとうForever…,西内まりや
57,優秀作品賞,Unfair World,三代目 J SOUL BROTHERS from EXILE TRIBE
57,優秀作品賞,愛しのテキーロ,氷川きよし
57,優秀作品賞,お岩木山,三山ひろし
57,優秀作品賞,トリセツ,西野カナ
57,優秀作品賞,僕たちは戦わない,AKB48
57,優秀作品賞,もんだいガール,きゃりーぱみゅぱみゅ
57,優秀作品賞,大和路の恋,水森かおり
57,優秀作品賞,私以外私じゃないの,ゲスの極み乙女。
57,日本レコード大賞,Unfair World,三代目 J SOUL BROTHERS from EXILE TRIBE
58,優秀作品賞,海の声,浦島太郎(桐谷健太)
58,優秀作品賞,女は抱かれて鮎になる,坂本冬美
58,優秀作品賞,最＆高,きゃりーぱみゅぱみゅ
58,優秀作品賞,365日の紙飛行機,AKB48
58,優秀作品賞,涙のない世界,AAA
58,優秀作品賞,花束を君に,宇多田ヒカル
58,優秀作品賞,BELIEVE,西内まりや
58,優秀作品賞,みれん心,氷川きよし
58,優秀作品賞,ラストシーン,いきものがかり
58,日本レコード大賞,あなたの好きなところ,西野カナ
58,特別話題賞,PPAP (ペンパイナッポーアッポーペン),ピコ太郎
59,優秀作品賞,インフルエンサー,乃木坂46
59,優秀作品賞,EXCITE,三浦大知
59,優秀作品賞,男の絶唱,氷川きよし
59,優秀作品賞,男の流儀,三山ひろし
59,優秀作品賞,風に吹かれても,欅坂46
59,優秀作品賞,キラキラ feat. カンナ,AI
59,優秀作品賞,手をつなぐ理由,西野カナ
59,優秀作品賞,願いごとの持ち腐れ,AKB48
59,優秀作品賞,LIFE,AAA
59,優秀作品賞,RAIN,SEKAI NO OWARI
59,日本レコード大賞,インフルエンサー,乃木坂46
60,レコード大賞,シンクロニシティ,乃木坂46
60,優秀作品賞,アンビバレント,欅坂46
60,優秀作品賞,いごっそ魂,三山ひろし
60,優秀作品賞,Wake Me Up,TWICE
60,優秀作品賞,サザンカ,SEKAI NO OWARI
60,優秀作品賞,勝負の花道,氷川きよし
60,優秀作品賞,シンクロニシティ,乃木坂46
60,優秀作品賞,Teacher Teacher,AKB48
60,優秀作品賞,Be Myself,三浦大知
60,優秀作品賞,Bedtime Story,西野カナ
60,優秀作品賞,U.S.A,DA PUMP
61,レコード大賞,パプリカ,Foorin
61,優秀作品賞,ECHO,Little Glee Monster
61,優秀作品賞,片隅,三浦大知
61,優秀作品賞,黒い羊,欅坂46
61,優秀作品賞,サステナブル,AKB48
61,優秀作品賞,純烈のハッピーバースデー,純烈
61,優秀作品賞,Sing Out!,乃木坂46
61,優秀作品賞,大丈夫,氷川きよし
61,優秀作品賞,ドレミソラシド,日向坂46
61,優秀作品賞,P.A.R.T.Y.〜ユニバース・フェスティバル〜,DA PUMP
61,優秀作品賞,パプリカ,Foorin
62,レコード大賞,炎,LiSA
62,優秀作品賞,I'm Here,三浦大知
62,優秀作品賞,愛をください～Don’t you cry~,純烈
62,優秀作品賞,足跡,Little Glee Monster
62,優秀作品賞,香水,瑛人
62,優秀作品賞,世界中の隣人よ,乃木坂46
62,優秀作品賞,猫,DISH//
62,優秀作品賞,離れていても,AKB48
62,優秀作品賞,母,氷川きよし
62,優秀作品賞,Fantasista～ファンタジスタ～,DA PUMP
62,優秀作品賞,炎,LiSA
63,レコード大賞,CITRUS,Da-iCE
63,優秀作品賞,明け星,LiSA
63,優秀作品賞,君がそばにいるから,純烈
63,優秀作品賞,ごめんねFingers crossed,乃木坂46
63,優秀作品賞,CITRUS,Da-iCE
63,優秀作品賞,Take a picture,NiziU
63,優秀作品賞,Dream on the street,DA PUMP
63,優秀作品賞,根も葉もRumor,AKB48
63,優秀作品賞,Backwards,三浦大知
63,優秀作品賞,Happy!,氷川きよし
63,優秀作品賞,勿忘,Awesome City Club
