回数,大賞,歌唱賞,童謡賞,新人賞,新人奨励賞,最優秀歌唱賞,最優秀新人賞,大衆賞,ヤングアイドル賞,金賞,ロング・セラー賞,ロングセラー賞,特別金賞,ベストアーチスト賞,特別栄誉歌手賞,レコード大賞,最優秀歌謡曲新人賞,最優秀演歌新人賞,歌謡曲ゴールド・ディスク賞,演歌ゴールド・ディスク賞,最優秀ポップス・ボーカル賞,最優秀ロック・ボーカル賞,最優秀ポップス新人賞,最優秀ロック新人賞,ポップス・ゴールド・ディスク賞,ロック・ゴールド・ディスク賞,ゴールド・ディスク賞,最優秀ボーカル賞,審査委員メモリアル賞,ヒットシングル賞,ベストソング賞,ミュージックビデオ賞,優秀賞,優秀作品賞,大衆歌謡文化賞,日本レコード大賞,特別話題賞,特別栄誉賞
1,曲名：「黒い花びら」〈東芝音楽工業〉歌手：水原 弘作詩：永 六輔作曲：中村八大編曲：中村八大,曲名：「夜霧に消えたチャコ」歌手：フランク永井作詩：宮川哲夫作曲：渡久地政信編曲：渡久地政信,曲名：「やさしい和尚さん」歌手：石井亀次郎とキングホウズキ会作詩：加藤省吾作曲：八洲秀章編曲：八洲秀章■この年は、新人が大賞を受賞したため、新人賞はなしとなった。[この時代][流行語][物価][ヒット商品],,,,,,,,,,,,,,,,,,,,,,,,,,,,,,,,,,,
2,曲名：「誰よりも君を愛す」歌手：松尾和子／和田弘とマヒナ・スターズ作詩：川内康範作曲：吉田 正編曲：和田 弘〈日本ビクター〉,曲名：「哀愁波止場」歌手：美空ひばり作詩：石本美由起作曲：船村 徹編曲：船村 徹,曲名：「ゆうらんバス」歌手：水上房子／キング小鳩会作詩：小林純一作曲：中田喜直編曲：中田喜直[この時代][流行語][ファッション][物価][ヒット商品],曲名：「潮来笠」歌手：橋 幸夫作詩：佐伯孝夫作曲：吉田 正編曲：吉田 正,,,,,,,,,,,,,,,,,,,,,,,,,,,,,,,,,,
3,曲名：「君恋し」歌手：フランク永井作詩：時雨音羽作曲：佐々紅華編曲：寺岡真三〈日本ビクター〉,曲名：「硝子のジョニー」歌手：アイ・ジョージ作詩：石浜恒夫作曲：アイ・ジョージ編曲：北村タダオ,曲名：「かかしのねがいごと」歌手：楠トシエ作詩：高田三九三作曲：山口保治編曲：小町 昭[この時代][流行語][ファッション][物価][ヒット商品]活動,,曲名：「川は流れる」歌手：仲宗根美樹作詩：横井 弘作曲：桜田誠一編曲：高田 弘曲名：「団地のお嬢さん」歌手：山中みゆき作詩：佐伯孝夫作曲：吉田 正編曲：吉田 正曲名：「白い花のブルース」歌手：平野こうじ作詩：佐伯孝夫作曲：吉田 正編曲：吉田 正曲名：「湖愁」歌手：松島アキラ作詩：宮川哲夫作曲：渡久地政信編曲：渡久地政信曲名：「むすめ三度笠」歌手：蔵野たつ美作詩：藤田まさと作曲：村沢良介編曲：長津義司曲名：「さいはての唄」歌手：柳うた子作詩：星野哲郎作曲：船村 徹（採）編曲：船村 徹,,,,,,,,,,,,,,,,,,,,,,,,,,,,,,,,,
4,曲名：「いつでも夢を」歌手：橋 幸夫/吉永小百合作詩：佐伯孝夫作曲：吉田 正編曲：吉田 正〈日本ビクター〉,曲名：「星屑の町」歌手：三橋三智也作詩：東条寿三郎作曲：安部芳明編曲：安部芳明,曲名：「小さい秋みつけた」歌手：ボニージャックス作詩：サトウハチロー作曲：中田喜直編曲：中田喜直,曲名：「なみだ船」歌手：北島三郎作詩：星野哲郎作曲：船村 徹編曲：安藤実親曲名：「下町の太陽」歌手：倍賞千恵子作詩：横井 弘作曲：江口浩司編曲：江口浩司,,,,,,,,,,,,,,,,,,,,,,,,,,,,,,,,,,
5,曲名：「こんにちは赤ちゃん」歌手：梓みちよ作詩：永 六輔作曲：中村八大編曲：中村八大〈キングレコード〉,曲名：「赤ちゃんは王様だ」歌手：フランク永井作詩：赤山 勇作曲：三木鶏郎編曲：三木鶏郎,曲名：「おもちゃのチャチャチャ」歌手：真理ヨシコ作詩：野坂昭如／吉岡 治（補）作曲：越部信義編曲：越部信義[この時代][流行語][ファッション][物価][ヒット商品],曲名：「学園広場」歌手：舟木一夫作詩：関沢新一作曲：遠藤 実編曲：福田 正曲名：「高校三年生」歌手：舟木一夫作詩：丘灯至夫作曲：遠藤 実編曲：福田 正曲名：「島のブルース」歌手：三沢あけみ作詩：吉川静夫作曲：渡久地政信編曲：渡久地政信曲名：「私も流れの渡り鳥」歌手：三沢あけみ作詩：佐伯孝夫作曲：渡久地政信編曲：渡久地政信,,,,,,,,,,,,,,,,,,,,,,,,,,,,,,,,,,
6,曲名：「愛と死をみつめて」歌手：青山和子作詩：大矢弘子作曲：土田啓四郎編曲：土田啓四郎〈日本コロムビア〉,曲名：「夜明けのうた」歌手：岸 洋子作詩：岩谷時子作曲：いずみたく編曲：いずみたく,曲名：「ワンツースリーゴー」歌手：音羽ゆりかご会作詩：高野博明／丘灯至夫作曲：海沼 実編曲：海沼 実,曲名：「君だけを」歌手：西郷輝彦作詩：水島 哲作曲：北原じゅん編曲：北原じゅん曲名：「17才のこの胸に」歌手：西郷輝彦作詩：水島 哲作曲：北原じゅん編曲：北原じゅん曲名：「アンコ椿は恋の花」歌手：都はるみ作詩：星野哲郎作曲：市川昭介編曲：市川昭介,,,,,,,,,,,,,,,,,,,,,,,,,,,,,,,,,,
7,曲名：「柔」歌手：美空ひばり作詩：関沢新一作曲：古賀政男編曲：佐伯 亮〈日本コロムビア〉,曲名：「ワンレイニーナイト・イン・トーキョー」歌手：越路吹雪作詩：鈴木道明作曲：鈴木道明編曲：藤家虹二,曲名：「マーチング・マーチ」歌手：天地総子／音羽ゆりかご会作詩：阪田寛夫作曲：服部公一編曲：服部公一,曲名：「女心の唄」歌手：バーブ佐竹作詩：山北由希夫作曲：吉田矢健治編曲：白石十四男曲名：「愛して愛して愛しちゃったのよ」歌手：田代美代子作詩：浜口庫之助作曲：浜口庫之助編曲：寺岡真三,,,,,,,,,,,,,,,,,,,,,,,,,,,,,,,,,,
8,曲名：「霧氷」歌手：橋 幸夫作詩：宮川哲夫作曲：利根一郎編曲：一ノ瀬義孝〈日本ビクター〉,曲名：「絶唱」歌手：舟木一夫作詩：西条八十作曲：市川昭介編曲：市川昭介,曲名：「おばけのQ太郎」歌手：石川 進作詩：ムービー企画作曲：広瀬健次郎編曲：広瀬健次郎,曲名：「空に星があるように」歌手：荒木一郎作詩：荒木一郎作曲：荒木一郎編曲：海老原啓一郎曲名：「赤い風船」歌手：加藤登紀子作詩：水木かおる作曲：小林亜星編曲：小林亜星,,,,,,,,,,,,,,,,,,,,,,,,,,,,,,,,,,
9,曲名：「ブルー・シャトウ」歌手：ジャッキー吉川とブルー・コメッツ作詩：橋本 淳作曲：井上忠夫編曲：森岡賢一郎〈日本コロムビア〉,曲名：「君こそわが命」歌手：水原 弘作詩：川内康範作曲：猪俣公章編曲：猪俣公章曲名：「小指の想い出」歌手：伊東ゆかり作詩：有馬三恵子作曲：鈴木 淳編曲：森岡賢一郎,曲名：「うたう足の歌」歌手：杉並合唱団作詩：近江靖子作曲：寺島尚彦編曲：寺島尚彦,曲名：「恋人と呼んでみたい」歌手：永井秀和作詩：有馬三恵子作曲：寺岡真三編曲：寺岡真三曲名：「世界は二人のために」歌手：佐良直美作詩：山上路夫作曲：いずみたく編曲：いずみたく,,,,,,,,,,,,,,,,,,,,,,,,,,,,,,,,,,
10,曲名：「天使の誘惑」歌手：黛ジュン作詩：なかにし礼作曲：鈴木邦彦編曲：鈴木邦彦〈東芝音楽工業〉,曲名：「誰もいない」歌手：菅原洋一作詩：なかにし礼作曲：大六和元編曲：早川博二曲名：「伊勢佐木町ブルース」歌手：青江三奈作詩：川内康範作曲：鈴木庸一編曲：竹村次郎曲名：「旅路のひとよ」歌手：東京ロマンチカ作詩：池田充男作曲：鶴岡雅義編曲：笠原公平,曲名：「ペケの歌」歌手：長谷川よしみ作詩：名村 宏作曲：長谷川よしみ編曲：藤家虹二,曲名：「あなたのブルース」歌手：矢吹 健作詩：藤本卓也作曲：藤本卓也編曲：藤本卓也曲名：「くちづけが怖い」歌手：久美かおり作詩：なかにし礼作曲：東海林修編曲：東海林修曲名：「恋の季節」歌手：ピンキーとキラーズ作詩：岩谷時子作曲：いずみたく編曲：いずみたく,,,,,,,,,,,,,,,,,,,,,,,,,,,,,,,,,,
11,曲名：「いいじゃないの幸せならば」歌手：佐良直美作詩：岩谷時子作曲：いずみたく編曲：いずみたく〈日本ビクター〉,曲名：「池袋の夜」歌手：青江三奈作詩：吉川静夫作曲：渡久地政信編曲：寺岡真三曲名：「人形の家」歌手：弘田三枝子作詩：なかにし礼作曲：川口 真編曲：川口 真曲名：「ひとり寝の子守歌」歌手：加藤登紀子作詩：加藤登紀子作曲：加藤登紀子編曲：森岡賢一郎,曲名：「うまれたきょうだい１１人」歌手：スリー・バブルス作詩：山上路夫作曲：海沼 実編曲：越部信義,曲名：「風」歌手：はしだのりひことシューベルツ作詩：北山 修作曲：端田宣彦編曲：青木 望曲名：「長崎は今日も雨だった」歌手：内山田洋とクール・ファイブ作詩：永田貴子作曲：彩木雅夫編曲：森岡賢一郎曲名：「真夜中のギター」歌手：千賀かほる作詩：吉岡 治作曲：河村利夫編曲：河村利夫曲名：「みんな夢の中」歌手：高田恭子作詩：浜口庫之助作曲：浜口庫之助編曲：小谷 充,,曲名：「港町ブルース」歌手：森 進一作詩：深津武志／なかにし礼（補）作曲：猪俣公章編曲：森岡賢一郎,曲名：「夜と朝のあいだに」歌手：ピーター作詩：なかにし礼作曲：村井邦彦編曲：馬飼野俊一,曲名：「365歩のマーチ」歌手：水前寺清子作詩：星野哲郎作曲：米山正夫編曲：小杉仁三曲名：「禁じられた恋」歌手：森山良子作詩：山上路夫作曲：三木たかし編曲：高見 弘,,,,,,,,,,,,,,,,,,,,,,,,,,,,,,
12,曲名：「今日でお別れ」歌手：菅原洋一作詩：なかにし礼作曲：宇井あきら編曲：森岡賢一郎〈ポリドール〉,曲名：「噂の女」歌手：内山田洋とクールファイブ作詩：山口洋子作曲：猪俣公章編曲：猪俣公章曲名：「希望」歌手：岸 洋子作詩：藤田敏雄作曲：いずみたく編曲：川口 真曲名：「波止場おんなのブルース」歌手：森 進一作詩：なかにし礼作曲：城 美好編曲：森岡賢一郎曲名：「手紙」歌手：由紀さおり作詩：なかにし礼作曲：川口 真編曲：川口 真,曲名：「ムーミンのテーマ」歌手：玉川さきこ作詩：井上ひさし作曲：宇野誠一郎編曲：宇野誠一郎,曲名：「経験」歌手：辺見マリ作詩：安井かずみ作曲：村井邦彦編曲：川口 真曲名：「一度だけなら」歌手：野村真樹作詩：山口洋子作曲：猪俣公章編曲：猪俣公章曲名：「愛のきずな」歌手：安倍律子作詩：加茂亮二作曲：鈴木 淳編曲：船木謙一曲名：「走れコータロー」歌手：ソルティ・シュガー作詩：池田謙吉作曲：池田謙吉／前田信夫（補）編曲：池田謙吉,,,曲名：「もう恋なのか」歌手：にしきのあきら作詩：浜口庫之助作曲：浜口庫之助編曲：森岡賢一郎,曲名：「命預けます」歌手：藤 圭子作詩：石坂まさを作曲：石坂まさを編曲：曽根幸明曲名：「ドリフのズンドコ節」歌手：ザ・ドリフターズ作詩：なかにし礼（補）作曲：不詳編曲：川口 真,,,,,,,,,,,,,,,,,,,,,,,,,,,,,,
13,曲名：「また逢う日まで」歌手：尾崎紀世彦作詩：阿久 悠作曲：筒美京平編曲：筒美京平〈日本フォノグラム〉,曲名：「よこはまたそがれ」歌手：五木ひろし作詩：山口洋子作曲：平尾昌晃編曲：平尾昌晃曲名：「知床旅情」歌手：加藤登紀子作詩：森繁久弥作曲：森繁久弥編曲：竹村次郎曲名：「さいはて慕情」歌手：渚ゆう子作詩：林 春生作曲：筒美京平編曲：筒美京平,曲名：「じんじん」歌手：ひばり児童合唱団作詩：沖縄のわらべうた作曲：金井喜久子編曲：金井喜久子,曲名：「17才」歌手：南 沙織作詩：有馬三恵子作曲：筒美京平編曲：筒美京平曲名：「燃える恋人」歌手：本郷直樹作詩：阿久 悠作曲：中村泰士編曲：馬飼野俊一曲名：「雨の御堂筋」歌手：欧陽菲菲作詩：林 春生作曲：D・ウィルソン他編曲：川口 真曲名：「恋人もいないのに」歌手：シモンズ作詩：落合武司作曲：にしおかたかし編曲：葵まさひこ,,曲名：「おふくろさん」歌手：森 進一作詩：川内康範作曲：猪俣公章編曲：猪俣公章,曲名：「私の城下町」歌手：小柳ルミ子作詩：安井かずみ作曲：平尾昌晃編曲：森岡賢一郎,曲名：「傷だらけの人生」歌手：鶴田浩二作詩：藤田まさと作曲：吉田 正編曲：吉田 正曲名：「さらば恋人」歌手：堺 正章作詩：北山 修作曲：筒美京平編曲：筒美京平,,,,,,,,,,,,,,,,,,,,,,,,,,,,,,
14,曲名：「喝采」歌手：ちあきなおみ作詩：吉田 旺作曲：中村泰士編曲：高田 弘〈日本コロムビア〉,曲名：「瀬戸の花嫁」歌手：小柳ルミ子作詩：山上路夫作曲：平尾昌晃編曲：森岡賢一郎曲名：「夜汽車の女」歌手：五木ひろし作詩：山口洋子作曲：藤本卓也編曲：藤本卓也曲名：「許されない愛」歌手：沢田研二作詩：山上路夫作曲：加瀬邦彦編曲：東海林修,曲名：「ピンポンパン体操」歌手：杉並児童合唱団・金森勢作詩：阿久 悠作曲：小林亜星編曲：筒井広志,曲名：「太陽がくれた季節」歌手：青い三角定規作詩：山川啓介作曲：いずみたく編曲：松岡直也曲名：「男の子女の子」歌手：郷ひろみ作詩：岩谷時子作曲：筒美京平編曲：筒美京平曲名：「雨」歌手：三善英史作詩：千家和也作曲：浜 圭介編曲：近藤 進曲名：「せんせい」歌手：森 昌子作詩：阿久 悠作曲：遠藤 実編曲：只野通泰,,曲名：「あの鐘を鳴らすのはあなた」歌手：和田アキ子作詩：阿久 悠作曲：森田公一編曲：森田公一,曲名：「芽ばえ」歌手：浅丘めぐみ作詩：千家和也作曲：筒美京平編曲：高田 弘,曲名：「子連れ狼」歌手：橋 幸夫作詩：小池一雄作曲：吉田 正編曲：吉田 正曲名：「ひとりじゃないの」歌手：天地真理作詩：小谷 夏作曲：森田公一編曲：森田公一,,,,,,,,,,,,,,,,,,,,,,,,,,,,,,
15,曲名：「夜空」歌手：五木ひろし作詩：山口洋子作曲：平尾昌晃編曲：竜崎孝路〈徳間音楽工業〉,曲名：「ちぎれた愛」歌手：西条秀樹作詩：安井かずみ作曲：馬飼野康二編曲：馬飼野康二曲名：「なみだ恋」歌手：八代亜紀作詩：悠木圭子作曲：鈴木 淳編曲：小谷 充曲名：「白いギター」歌手：チェリッシュ作詩：林 春生作曲：馬飼野俊一編曲：馬飼野俊一,曲名：「ママと僕の四季」歌手：大 鹿太作詩：滝口暉子作曲：郷田 新編曲：小谷 充,曲名：「赤い風船」歌手：浅田美代子作詩：安井かずみ作曲：筒美京平編曲：筒美京平曲名：「涙の太陽」歌手：安西マリア作詩：湯川れい子作曲：中島安敏編曲：川口 真曲名：「コーヒーショップで」歌手：あべ静江作詩：阿久 悠作曲：三木たかし編曲：馬飼野俊一曲名：「草原の輝き」歌手：アグネス・チャン作詩：安井かずみ作曲：平尾昌晃編曲：馬飼野俊一,,曲名：「恋文」歌手：由紀さおり作詩：吉田 旺作曲：佐藤 勝編曲：馬飼野俊一,曲名：「わたしの青い鳥」歌手：桜田淳子作詩：阿久 悠作曲：中村泰士編曲：高田 弘,曲名：「わたしの彼は左きき」歌手：麻丘めぐみ作詩：千家和也作曲：筒美京平編曲：筒美京平曲名：「ロマンス」歌手：ガロ作詩：山上路夫作曲：堀内 譲編曲：大野克夫曲名：「危険なふたり」歌手：沢田研二作詩：安井かずみ作曲：加瀬邦彦編曲：東海林修,,,,,,,,,,,,,,,,,,,,,,,,,,,,,,
16,曲名：「襟裳岬」歌手：森 進一作詩：岡本おさみ作曲：吉田拓郎編曲：馬飼野俊一〈ビクター音楽産業〉,曲名：「傷だらけのローラ」歌手：西城秀樹作詩：さいとう大三作曲：馬飼野康二編曲：馬飼野康二曲名：「追憶」歌手：沢田研二作詩：安井かずみ作曲：加瀬邦彦編曲：東海林修曲名：「積木の部屋」歌手：布施 明作詩：有馬三恵子作曲：川口 真編曲：川口 真曲名：「愛の執念」歌手：八代亜紀作詩：川口康範作曲：北原じゅん編曲：伊藤雪彦,,曲名：「恋はダンダン」歌手：浅野ゆう子作詩：有馬三恵子作曲：川口 真編曲：川口 真曲名：「太陽の日曜日」歌手：荒川 務作詩：安井かずみ作曲：都倉俊一編曲：都倉俊一曲名：「イルカにのった少年」歌手：城みちる作詩：杉さとみ作曲：林あきら編曲：高田 弘曲名：「空港」歌手：テレサ・テン作詩：山上路夫作曲：猪俣公章編曲：森岡賢一郎曲名：「あなたにあげる」歌手：西川峰子作詩：千家和也作曲：三木たかし編曲：藤田はじめ,,曲名：「みれん」歌手：五木ひろし作詩：山口洋子作曲：平尾昌晃編曲：竜崎孝路,曲名：「逃避行」歌手：麻生よう子作詩：千家和也作曲：都倉俊一編曲：馬飼野俊一,曲名：「二人でお酒を」歌手：梓みちよ作詩：山上路夫作曲：平尾昌晃編曲：森岡賢一郎曲名：「なみだの操」歌手：殿さまキングス作詩：千家和也作曲：彩木雅夫編曲：藤田はじめ曲名：「うそ」歌手：中条きよし作詩：山口洋子作曲：平尾昌晃編曲：竜崎孝路曲名：「ひと夏の経験」歌手：山口百恵作詩：千家和也作曲：都倉俊一編曲：馬飼野康二,曲名：「恋のアメリカン・フットボール」 歌手：フィンガー５作詩：阿久 悠作曲：都倉俊一編曲：都倉俊一,,,,,,,,,,,,,,,,,,,,,,,,,,,,,
17,曲名：「シクラメンのかほり」歌手：布施 明作詩：小椋 佳作曲：小椋 佳編曲：萩田光雄〈キングレコード〉,曲名：「私鉄沿線」歌手：野口五郎作詩：山上路夫作曲：佐藤 寛編曲：筒美京平曲名：「人恋しくて」歌手：南 沙織作詩：中里 綴作曲：田山雅充編曲：水谷公生曲名：「花車」歌手：小柳ルミ子作詩：麻生香太郎作曲：森岡賢一郎編曲：森岡賢一郎,,曲名：「ロマンス」歌手：岩崎宏美作詩：阿久 悠作曲：筒美京平編曲：筒美京平曲名：「夜の訪問者」歌手：小川順子作詩：石坂まさを作曲：城賀イサム編曲：伊藤雪彦曲名：「美しい契り」歌手：片平なぎさ作詩：千家和也作曲：三木たかし編曲：三木たかし曲名：「雨だれ」歌手：太田裕美作詩：松本 隆作曲：筒美京平編曲：萩田光雄,,曲名：「千曲川」歌手：五木ひろし作詩：山口洋子作曲：猪俣公章編曲：森岡賢一郎,曲名：「心のこり」歌手：細川たかし作詩：なかにし礼作曲：中村泰士編曲：あかのたちお,曲名：「十七の夏」ほか一連のヒット曲歌手：桜田淳子作詩：阿久 悠作曲：森田公一編曲：竜崎孝路,,,,,,,,,,,,,,,,,,,,,,,,,,,,,,
18,曲名：「北の宿から」歌手：都はるみ作詩：阿久 悠作曲：小林亜星編曲：竹村次郎〈日本コロムビア〉,曲名：「あばよ」歌手：研ナオコ作詩：中島みゆき作曲：中島みゆき編曲：クニ河内曲名：「針葉樹」歌手：野口五郎作詩：麻生香太郎作曲：筒美京平編曲：筒美京平曲名：「若き獅子たち」歌手：西城秀樹作詩：阿久 悠作曲：三木たかし編曲：三木たかし,,曲名：「雪ごもり」歌手：芦川よしみ作詩：小林亜星作曲：小林亜星編曲：竹村次郎曲名：「嘘でもいいの」歌手：角川 博作詩：石坂まさを作曲：八木架寿人編曲：竜崎孝路曲名：「嫁に来ないか」歌手：新沼謙治作詩：阿久 悠作曲：川口 真編曲：あかのたちお曲名：「ペッパー警部」歌手：ピンクレディー作詩：阿久 悠作曲：都倉俊一編曲：都倉俊一,,曲名：「もう一度逢いたい」歌手：八代亜紀作詩：山口洋子作曲：野崎真一編曲：竜崎孝路,曲名：「思い出ぼろぼろ」歌手：内藤やす子作詩：阿木耀子作曲：宇崎竜童編曲：馬飼野康二,曲名：「あなたがいたから僕がいた」ほか歌手：郷ひろみ作詩：橋本 淳作曲：筒美京平編曲：筒美京平,,,,,,,,,,,,,,,,,,,,,,,,,,,,,,
19,曲名：「勝手にしやがれ」歌手：沢田研二作詩：阿久 悠作曲：大野克夫編曲：船山基紀〈ポリドール〉,曲名：「秋桜（コスモス）」歌手：山口百恵作詩：さだまさし作曲：さだまさし編曲：萩田光雄曲名：「思秋期」歌手：岩崎宏美作詩：阿久 悠作曲：三木たかし編曲：三木たかし曲名：「津軽海峡冬景色」歌手：石川さゆり作詩：阿久 悠作曲：三木たかし編曲：三木たかし,,曲名：「あずさ２号」歌手：狩人作詩：竜真知子作曲：都倉俊一編曲：都倉俊一曲名：「アル・パシーノ＋アラン・ドロン＜あなた」歌手：榊原郁恵作詩：森雪之丞作曲：森雪之丞編曲：小六禮次郎曲名：「硝子坂」歌手：高田みづえ作詩：島 武実作曲：宇崎竜童編曲：馬飼野康二曲名：「Lui-Lui（ルイ・ルイ）」歌手：太川陽介作詩：石原信一作曲：都倉俊一編曲：都倉俊一,,曲名：「愛の終着駅」歌手：八代亜紀作詩：池田充男作曲：野崎真一編曲：竹村次郎,曲名：「帰らない」ほか歌手：清水健太郎作詩：つのだひろ作曲：つのだひろ編曲：馬飼野康二,曲名：「ウォンテッド」ほか歌手：ピンク・レディー作詩：阿久 悠作曲：都倉俊一編曲：都倉俊一,,,,,,,,,,,,,,,,,,,,,,,,,,,,,,
20,曲名：「ＵＦＯ」歌手：ピンク・レディー作詩：阿久 悠作曲：都倉俊一編曲：都倉俊一,,,曲名：「失恋記念日」歌手：石野真子作詩：阿久 悠作曲：穂口雄右編曲：穂口雄右曲名：「青葉城恋唄」歌手：さとう宗幸作詩：星間船一作曲：さとう宗幸編曲：石川鷹彦曲名：「Deep」歌手：渋谷哲平作詩：松本 隆作曲：都倉俊一編曲：都倉俊一曲名：「東京ららばい」歌手：中原理恵作詩：松本 隆作曲：筒美京平編曲：筒美京平[銃爪／世良公則＆ツイスト…受賞辞退],,曲名：「LOVE（抱きしめたい）」歌手：沢田研二作詩：阿久 悠作曲：大野克夫編曲：船村基紀,曲名：「かもめが翔んだ日」歌手：渡辺真知子作詩：伊藤あきら作曲：渡辺真知子編曲：船山基紀,,,曲名：「かもめはかもめ」（キャニオン）歌手：研ナオコ作詩：中島みゆき作曲：中島みゆき編曲：若草 恵曲名：「グッド・ラック  Good Luck」（ポリドール）歌手：野口五郎作詩：山川啓介作曲：筒美京平編曲：高田 弘曲名：「しあわせ芝居」（ビクター音産）歌手：桜田淳子作詩：中島みゆき作曲：中島みゆき編曲：船山基紀曲名：「シンデレラ・ハネムーン」（ビクター音産）歌手：岩崎宏美作詩：阿久 悠作曲：筒美京平編曲：筒美京平曲名：「たそがれマイ・ラブ」（日本フォノグラム）歌手：大橋純子作詩：阿久 悠作曲：筒美京平編曲：筒美京平曲名：「故郷へ…」（テイチク）歌手：八代亜紀作詩：池田充男作曲：野崎真一編曲：竹村次郎曲名：「ブルースカイブルー」（RVC）歌手：西城秀樹作詩：阿久 悠作曲：馬飼野康二編曲：馬飼野康二曲名：「プレイバック Part2」（CBS・ソニー）歌手：山口百恵作詩：阿木耀子作曲：宇崎竜童編曲：萩田光雄曲名：「UFO」（ビクター音産）歌手：ピンク・レディー作詩：阿久 悠作曲：都倉俊一編曲：都倉俊一曲名：「LOVE（抱きしめたい）」（ポリドール）歌手：沢田研二作詩：阿久 悠作曲：大野克夫編曲：船山基紀,,,,,,,,,,,,,,,,,,,,,,,,,,,,
21,曲名：「魅せられて」歌手：ジュディ・オング作詩：阿木耀子作曲：筒美京平編曲：筒美京平〈CBS・ソニー〉,,,曲名：「好きだから」歌手：井上 望作詩：千家和也作曲：穂口雄右編曲：穂口雄右曲名：「HOW!ワンダフル」歌手：倉田まり子作詩：山上路夫作曲：都倉俊一編曲：都倉俊一曲名：「私のハートはストップモーション」歌手：桑江知子作詩：竜真知子作曲：都倉俊一編曲：萩田光雄曲名：「September」歌手：竹内まりや作詩：松本 隆作曲：林 哲司編曲：林 哲司曲名：「おんなの出船」歌手：松原のぶえ作詩：山田孝雄作曲：船村 徹編曲：栗田俊夫,,曲名：「おもいで酒」歌手：小林幸子作詩：高田直和作曲：梅谷忠洋編曲：薗 広昭,曲名：「私のハートはストップモーション」歌手：桑江知子作詩：竜真知子作曲：都倉俊一編曲：萩田光雄,,,曲名：「おまえとふたり」（徳間音工）歌手：五木ひろし作詩：たかたかし作曲：木村好夫編曲：京 建輔曲名：「おもいで酒」（ワーナー・パイオニア）歌手：小林幸子作詩：高田直和作曲：梅谷忠洋編曲：薗 広昭曲名：「カサブランカ・ダンディ」（ポリドール）歌手：沢田研二作詩：阿久 悠作曲：大野克夫編曲：大野克夫曲名：「関白宣言」（フリーライトレコード）歌手：さだまさし作詩：さだまさし作曲：さだまさし編曲：さだまさし＋福田郁次郎／弦編曲・藤田丈士曲名：「しなやかに歌って」（CBS・ソニー）歌手：山口百恵作詩：阿木耀子作曲：宇崎竜童編曲：川口 真曲名：「ビューティフル・ネーム」（日本コロムビア）歌手：ゴダイゴ作詩：奈良橋陽子（訳）伊藤アキラ作曲：タケカワユキヒデ編曲：ミッキー吉野曲名：「舟唄」（テイチク）歌手：八代亜紀作詩：阿久 悠作曲：浜 圭介編曲：竜崎孝路曲名：「万華鏡」（ビクター音産）歌手：岩崎宏美作詩：三浦徳子作曲：馬飼野康二編曲：馬飼野康二曲名：「魅せられて」（CBS・ソニー）歌手：ジュディ・オング作詩：阿木耀子作曲：筒美京平編曲：筒美京平曲名：「勇気があれば」（RVC）歌手：西城秀樹作詩：山川啓介作曲：筒美京平編曲：萩田光雄,渥美二郎  曲名：「夢追い酒」金田たつえ 曲名：「花街の母」千 昌夫  曲名：「北国の春」牧村三枝子 曲名：「みちづれ」,,,,,,,,,,,,,,,,,,,,,,,,,,,
22,曲名：「雨の慕情」歌手：八代亜紀作詩：阿久 悠作曲：浜 圭介編曲：竜崎孝路〈テイチク〉,,,曲名：「あなた色のマノン」歌手：岩崎良美作詩：なかにし礼作曲：芳野藤丸編曲：大谷和夫曲名：「ヤング・ボーイ」歌手：河合奈保子作詩：竜真知子作曲：水谷公生編曲：船山基紀曲名：「ハッとして！Good」歌手：田原俊彦作詩：宮下 智作曲：宮下 智編曲：船山基紀曲名：「青い珊瑚礁」歌手：松田聖子作詩：三浦徳子作曲：小田裕一郎編曲：大村雅朗曲名：「帰ってこいよ」歌手：松村和子作詩：平山忠夫作曲：一代のぼる編曲：斉藤恒夫,,曲名：「大坂しぐれ」歌手：都はるみ作詩：吉岡 治作曲：市川昭介編曲：斉藤恒夫,曲名：「ハッとして！Good」歌手：田原俊彦作詩：宮下 智作曲：宮下 智編曲：船山基紀,,,曲名：「雨の慕情」（テイチク）歌手：八代亜紀作詩：阿久 悠作曲：浜 圭介編曲：竜崎孝路曲名：「あれから一年たちました」（ワーナー・パイオニア）歌手：小林幸子作詩：いではく作曲：三条ひろし編曲：薗 広昭曲名：「大阪しぐれ」（コロムビア）歌手：都はるみ作詩：吉岡 治作曲：市川昭介編曲：斉藤恒夫曲名：「銀河伝説」（ビクター）歌手：岩崎宏美作詩：阿久 悠作曲：宮川 泰編曲：川口 真曲名：「恋人よ」（CBS・ソニー）歌手：五輪真弓作詩：五輪真弓作曲：五輪真弓編曲：船山基紀曲名：「酒場でDABADA」（ポリドール）歌手：沢田研二作詩：阿久 悠作曲：鈴木キサブロー編曲：沢 健一曲名：「サンタマリアの祈り」（RVC）歌手：西城秀樹作詩：なかにし礼作曲：川口 真編曲：服部克久曲名：「ダンシング・オールナイト」（日本フォノグラム）歌手：もんた＆ブラザーズ作詩：水谷啓二作曲：もんたよしのり編曲：もんた＆ブラザーズ・松井忠重曲名：「ふたりの夜明け」（徳間音工）歌手：五木ひろし作詩：吉田 旺作曲：岡 千秋編曲：竹村次郎曲名：「私はピアノ」（テイチク）歌手：高田みづえ作詩：桑田佳祐作曲：桑田佳祐編曲：松井忠重,ロス・インディオス＆シルビア  「別れても好きなひと」,,,,,,,,,,,,,,,,,,,,,,,,,,,
23,曲名：「ルビーの指輪」歌手：寺尾 聰作詩：松本 隆作曲：寺尾 聰編曲：井上 鑑〈東芝EMI〉,,,曲名：「ギンギラギンにさりげなく」歌手：近藤真彦作詩：伊達 歩作曲：筒美京平編曲：馬飼野康二曲名：「てれてZinZin」歌手：竹本孝之作詩：三浦徳子作曲：馬飼野康二編曲：馬飼野康二曲名：「父さん」歌手：裕子と弥生作詩：さいとう大三作曲：宮坂 実編曲：馬飼野俊一曲名：「函館本線」歌手：山川 豊作詩：たきのえいじ作曲：駒田良昭編曲：前田俊明曲名：「はみだしチャンピオン」歌手：沖田浩之作詩：阿木耀子作曲：筒美京平編曲：筒美票平,,曲名：「すみれ色の涙」歌手：岩崎宏美作詩：万里村ゆき子作曲：小田啓義編曲：萩田光雄,曲名：「ギンギラギンにさりげなく」歌手：近藤真彦作詩：伊達 歩作曲：筒美京平編曲：馬飼野康二,,,曲名：「あなたひとすじ」歌手：川中美幸作詩：たかたかし作曲：弦 哲也編曲：斉藤恒夫曲名：「命あたえて」歌手：森 進一作詩：川内康範作曲：猪俣公章編曲：猪俣公章曲名：「哀しみ本線日本海」歌手：森 昌子作詩：荒木とよひさ作曲：浜 圭介編曲：竜崎孝路曲名：「人生かくれんぼ」歌手：五木ひろし作詩：たかたかし作曲：弦 哲也編曲：京 建輔曲名：「ス・ト・リ・ッ・パ・ー」歌手：沢田研二作詩：三浦徳子作曲：沢田研二編曲：伊藤銀次曲名：「すみれ色の涙」歌手：岩崎宏美作詩：万里村ゆき子作曲：小田啓義編曲：萩田光雄曲名：「センチメンタルガール」歌手：西城秀樹作詩：あまがいりゅうじ作曲：鈴木キサブロー編曲：若草 恵曲名：「街角トワイライト」歌手：シャネルズ作詩：湯川れい子作曲：井上大輔編曲：井上大輔曲名：「もしもピアノが弾けたなら」歌手：西田敏行作詩：阿久 悠作曲：坂田晃一編曲：坂田晃一曲名：「ルビーの指輪」歌手：寺尾 聰作詩：松本 隆作曲：寺尾 聰編曲：井上 鑑,石原裕次郎  曲名「ブランデーグラス」山本譲二   曲名「みちのくひとり旅」竜 鉄也   曲名「奥飛騨慕情」,,,,,,,,,,,,,,,,,,,,,,,,,,,
24,曲名：「北酒場」歌手：細川たかし作詩：なかにし礼作曲：中村泰士編曲：馬飼野俊一コロムビア,,,曲名：「ゆ・れ・て湘南」 歌手：石川秀美作詩：松本 隆作曲：小田裕一郎編曲：馬飼野康二曲名：「100%…Soかもね」 歌手：シブがき隊作詩：森雪之丞作曲：井上大輔編曲：井上大輔曲名：「アンサーソングは哀愁」 歌手：早見 優作詩：阿久 悠作曲：馬飼野康二編曲：萩田光雄曲名：「待ちぼうけ」 歌手：堀ちえみ作詩：竹内まりや作曲：竹内まりや編曲：鈴木 茂曲名：「センチメンタル・ジャーニー」 歌手：松本伊代作詩：湯川れい子作曲：筒美京平編曲：馬飼野康二,,曲名：「シルエット・ロマンス」  歌手：大橋純子作詩：来生えつこ作曲：来生たかお編曲：鈴木宏昌,曲名：「100%…Soかもね」  歌手：シブがき隊作詩：森雪之丞作曲：井上大輔編曲：井上大輔,,,曲名：「越前岬」（テイチク） 歌手：川中美幸作詩：吉岡 治作曲：岸本健介編曲：斉藤恒夫曲名：「花梨」（フォノグラム） 歌手：柏原芳恵作詩：谷村新司作曲：谷村新司編曲：青木 望曲名：「北酒場」（コロムビア） 歌手：細川たかし作詩：なかにし礼作曲：中村泰士編曲：馬飼野俊一曲名：「けんかをやめて」（コロムビア） 歌手：河合奈保子作詩：竹内まりや作曲：竹内まりや編曲：清水信之曲名：「小麦色のマーメイド」（CBS・ソニー） 歌手：松田聖子作詩：松本 隆作曲：呉田軽穂編曲：松任谷正隆曲名：「聖・少女」（RVC） 歌手：西城秀樹作詩：松本 隆作曲：吉田拓郎編曲：瀬尾一三曲名：「契り」（徳間音工） 歌手：五木ひろし作詩：阿久 悠作曲：五木ひろし編曲：京 建輔曲名：「夏をあきらめて」（キャニオン） 歌手：研ナオコ作詩：桑田佳祐作曲：桑田佳祐編曲：若草 恵曲名：「誘惑スレスレ」（キャニオン） 歌手：田原俊彦作詩：宮下 智作曲：網倉一也編曲：馬飼野康二曲名：「６番目のユ・ウ・ウ・ツ」（ポリドール） 歌手：沢田研二作詩：三浦徳子作曲：西平 彰編曲：白井良明,,千 昌夫   曲名：「望郷酒場」三笠優子   曲名：「夫婦舟」,,,,,,,,,,,,,,,,,,,,,,,,,,
25,曲名：「矢切の渡し」歌手：細川たかし作詩：石本美由紀作曲：船村 徹編曲：薗広昭コロムビア,,,曲名：「恋あなたしだい」 歌手：岩井小百合作詩：TAKU作曲：TAKU編曲：馬飼野康二曲名：「ダンシング・レディ」 歌手：大沢逸美作詩：竜真知子作曲：浜田省吾編曲：大谷和夫曲名：「よこはまチャチャ」 歌手：小野さとる作詩：伊達 歩作曲：中村泰明編曲：馬飼野康二曲名：「もしかして・ドリーム」 歌手：桑田靖子作詩：売野雅勇作曲：芹澤廣明編曲：馬飼野康二曲名：「きまぐれONE WAY BOY」 歌手：THE GOOD-BYE作詩：橋本 淳作曲：山本寛太郎編曲：甲斐正人,,曲名：「越冬つばめ」  歌手：森 昌子作詩：石原信一作曲：篠原義彦編曲：竜崎孝路,曲名：「きまぐれONE WAY BOY」  歌手：THE GOOD-BYE作詩：橋本 淳作曲：山本寛太郎編曲：甲斐正人,,,曲名：「家路」（ビクター） 歌手：岩崎宏美作詩：山川啓介作曲：木森敏之編曲：木森敏之曲名：「エスカレーション」（コロムビア） 歌手：河合奈保子作詩：売野雅勇作曲：筒美京平編曲：大村雅朗曲名：「ガラスの林檎」（CBS・ソニー） 歌手：松田聖子作詩：松本 隆作曲：細野晴臣編曲：細野晴臣・大村雅朗曲名：「ギャランドゥ」（RVC） 歌手：西城秀樹作詩：もんたよしのり作曲：もんたよしのり編曲：大谷和夫曲名：「そんなヒロシに騙されて」（テイチク） 歌手：高田みづえ作詩：桑田佳祐作曲：桑田佳祐編曲：若草 恵曲名：「春なのに」（フォノグラム） 歌手：柏原芳恵作詩：中島みゆき作曲：中島みゆき編曲：服部克久・J.サレッス曲名：「ピエロ」（キャニオン） 歌手：田原俊彦作詩：来生えつこ作曲：網倉一也編曲：大谷和夫曲名：「ミッド・ナイト・ステーション」（RVC） 歌手：近藤真彦作詩：松本 隆作曲：筒美京平編曲：佐久間正英曲名：「め組のひと」（エピック・ソニー） 歌手：ラッツ＆スター作詩：麻生麗二作曲：井上大輔編曲：井上大輔・ラッツ＆スター曲名：「矢切の渡し」（コロムビア） 歌手：細川たかし作詩：石本美由紀作曲：船村 徹編曲：薗広昭,大川栄策  曲名：「さざんかの宿」欧陽菲菲  曲名：「ラヴ・イズ・オーヴァー」佳山明生  曲名：「氷雨」,,曲名：「細雪」（徳間ジャパン） 歌手：五木ひろし作詩：吉岡 治作曲：市川昭介編曲：池多孝春曲名：「きめてやる今夜」（ポリドール） 歌手：沢田研二作詩：沢田研二作曲：井上大輔編曲：吉田 建曲名：「浪花恋しぐれ」（コロムビア） 歌手：都はるみ作詩：たかたかし作曲：岡 千秋編曲：斎藤恒夫曲名：「冬のリヴィエラ」（ビクター） 歌手：森 進一作詩：松本 隆作曲：大滝詠一編曲：前田憲男曲名：「日本海」（センチュリー） 歌手：八代亜紀作詩：阿久 悠作曲：大野克夫編曲：三木たかし,,,,,,,,,,,,,,,,,,,,,,,,,
26,曲名：「長良川艶歌」歌手：五木ひろし作詩：石本美由紀作曲：岡 千秋編曲：斎藤恒夫徳間ジャパン,,,曲名：「前略、道の上より」 歌手：一世風靡セピア作詩：セピア作曲：GOTO編曲：GOTO曲名：「恋、はじめまして」 歌手：岡田有希子作詩：竹内まりや作曲：竹内まりや編曲：竹内まりや曲名：「サマーアイズ」 歌手：菊池桃子作詩：秋元 康作曲：林 哲司編曲：林 哲司曲名：「モニカ」 歌手：吉川晃司作詩：三浦徳子作曲：NOBODY編曲：大村雅朗曲名：「バージンブルー」 歌手：サリー（SALLY）作詩：さがらよしあき作曲：鈴木キサブロー編曲：鈴木キサブロー・大島みちる,,曲名：「浪花節だよ人生は」  歌手：細川たかし作詩：藤田まさと作曲：四方章人編曲：佐伯 亮,曲名：「恋 はじめまして」  歌手：岡田有希子作詩：竹内まりや作曲：竹内まりや編曲：竹内まりや,,,曲名：「北ウイング」（ワーナー・パイオニア） 歌手：中森明菜作詩：康 珍化作曲：林 哲司編曲：林 哲司曲名：「北の蛍」（ビクター） 歌手：森 進一作詩：阿久 悠作曲：三木たかし編曲：川口 真曲名：「唇のプライバシー」（コロムビア） 歌手：河合奈保子作詩：売野雅勇作曲：筒美京平編曲：鷺巣詩郎曲名：「最愛」（フォノグラム） 歌手：柏原芳恵作詩：中島みゆき作曲：中島みゆき編曲：倉田信雄曲名：「浪花節だよ人生は」（コロムビア） 歌手：細川たかし作詩：藤田まさと作曲：四方章人編曲：佐伯 亮曲名：「長良川艶歌」（徳間ジャパン） 歌手：五木ひろし作詩：石本美由紀作曲：岡 千秋編曲：斎藤恒夫曲名：「ピンクのモーツァルト」（CBS・ソニー） 歌手：松田聖子作詩：松本 隆作曲：細野晴臣編曲：細野晴臣・松任谷正隆曲名：「星屑のステージ」（キャニオン） 歌手：チェッカーズ作詩：売野雅勇作曲：芹澤廣明編曲：芹澤廣明曲名：「もしかしてPART II」（ワーナー・パイオニア） 歌手：小林幸子・美樹克彦作詩：榊みちこ作曲：美樹克彦編曲：竜崎孝路曲名：「ワインレッドの心」（キティ） 歌手：安全地帯作詩：井上陽水作曲：玉置浩二編曲：安全地帯・星 勝,,,,,,,,,,,,,,,,,,,,,,,,,,,,
27,曲名：「ミ・アモーレ」歌手：中森明菜作詩：康 珍化作曲：松岡直也編曲：松岡直也ワーナー・パイオニア,,,曲名：「Temptation」 歌手：本田美奈子作詩：松本 隆作曲：筒美京平編曲：大谷和夫曲名：「恋におちて」 歌手：小林明子作詩：湯川れいこ作曲：小林明子編曲：萩田光雄曲名：「C」 歌手：中山美穂作詩：松本 隆作曲：筒美京平編曲：萩田光雄曲名：「雨のハイスクール」 歌手：芳本美代子作詩：松本 隆作曲：財津和夫編曲：大村雅朗曲名：「さよならと言われて」 歌手：松本典子作詩：銀色夏生作曲：呉田軽穂編曲：松任谷正隆,,曲名：「波止場しぐれ」  歌手：石川さゆり作詩：吉岡 治作曲：岡 千秋編曲：斎藤恒夫,曲名：「Ｃ」  歌手：中山美穂作詩：松本 隆作曲：筒美京平編曲：萩田光雄,,,曲名：「男船」（RVC） 歌手：神野美伽作詩：やしろよう作曲：市川昭介編曲：池多孝春曲名：「そして…めぐり逢い」（徳間ジャパン） 歌手：五木ひろし作詩：荒木とよひさ作曲：中村泰士編曲：池多孝春曲名：「タッチ」（キャニオン） 歌手：岩崎良美作詩：康 珍化作曲：芹澤廣明編曲：芹澤廣明曲名：「デビュー」（コロムビア） 歌手：河合奈保子作詩：売野雅勇作曲：林 哲司編曲：鷺巣詩郎曲名：「PASSION」（トーラス） 歌手：早見 優作詩：中原めいこ作曲：中原めいこ編曲：新川 博曲名：「望郷じょんから」（コロムビア） 歌手：細川たかし作詩：里村龍一作曲：浜 圭介編曲：桜庭伸幸曲名：「ミ・アモーレ」（ワーナー・パイオニア） 歌手：中森明菜作詩：康 珍化作曲：松岡直也編曲：松岡直也曲名：「悲しみにさよなら」（キティ） 歌手：安全地帯作詩：松井五郎作曲：玉置浩二編曲：安全地帯曲名：「ジュリアに傷心」（キャニオン） 歌手：チェッカーズ作詩：売野雅勇作曲：芹沢廣明編曲：芹沢廣明曲名：「Romanticが止まらない」（ポリドール） 歌手：C-C-B作詩：松本 隆作曲：筒美京平編曲：船山基紀,,,,,,,,,,,,,,,,,,,,,,,,,,,,
28,曲名：「DESIRE」歌手：中森明菜作詩：阿木耀子作曲：鈴木キサブロー編曲：椎名和夫ワーナー・パイオニア,,,曲名：「CYA-CHA-CYA」 歌手：石井明美作詩：今野雄二作曲：B.ROSELLINI.F>BALDONI他編曲：戸塚 修曲名：「仮面舞踏会」 歌手：少年隊作詩：ちあき哲也作曲：筒美京平編曲：船山基紀曲名：「わたし、ドリーミング」 歌手：西村知美作詩：安井かずみ作曲：加藤和彦編曲：武部聡志曲名：「夢飛行」 歌手：真璃子作詩：松本 隆作曲：筒美京平編曲：山川恵津子曲名：「乙女日和」 歌手：水谷麻里作詩：松本 隆作曲：筒美京平編曲：武部聡志,,曲名：「北の漁場」  歌手：北島三郎作詩：新條カオル作曲：桜田誠一編曲：斎藤恒夫,曲名：「仮面舞踏会」  歌手：少年隊作詩：ちあき哲也作曲：筒美京平編曲：船山基紀,,,曲名：「熱き心に」（ポリドール） 歌手：小林 旭作詩：阿久 悠作曲：大滝詠一編曲：前田憲男曲名：「天城越え」（コロムビア） 歌手：石川さゆり作詩：吉岡 治作曲：弦 哲也編曲：桜庭伸幸曲名：「さだめ川」（コロムビア） 歌手：細川たかし作詩：石本美由紀作曲：船村 徹編曲：京 建輔曲名：「Dance Beatは夜明けまで」（ビクター） 歌手：荻野目洋子作詩：森 浩美作曲：NOBODY編曲：西平 彰曲名：「ツイてるねノッてるね」（キング） 歌手：中山美穂作詩：松本 隆作曲：筒美京平編曲：大村雅朗・船山基紀曲名：「DESIRE」（ワーナー・パイオニア） 歌手：中森明菜作詩：阿木耀子作曲：鈴木キサブロー編曲：椎名和夫曲名：「時の流れに身をまかせ」（トーラス） 歌手：テレサ・テン作詩：荒木とよひさ作曲：三木たかし編曲：川口 真曲名：「浪花杯」（徳間ジャパン） 歌手：五木ひろし作詩：石本美由紀作曲：市川昭介編曲：斎藤恒夫曲名：「Baby Rose」（CBS・ソニー） 歌手：近藤真彦作詩：織田哲郎作曲：織田哲郎編曲：織田哲郎曲名：「My Revolution」（EPIC・ソニー） 歌手：渡辺美里作詩：川村真澄作曲：小室哲哉編曲：大村雅朗,,,,曲名：「DESIRE」など  歌手：中森明菜作詩：阿木耀子作曲：鈴木キサブロー編曲：椎名和夫,,,,,,,,,,,,,,,,,,,,,,,,
29,曲名：「愚か者」歌手：近藤真彦作詩：伊達 歩作曲：井上堯之編曲：戸塚 修CBS・ソニー,,,曲名：「ノ・レ・な・い Teen—age」 歌手：酒井法子作詩：森 浩美作曲：西木栄二編曲：戸塚 修曲名：「あばれ太鼓」 歌手：坂本冬美作詩：たかたかし作曲：猪俣公章編曲：京 建輔曲名：「キミはとんどくらい」 歌手：立花理佐作詩：真名杏樹作曲：山川恵津子編曲：山川恵津子曲名：「人見知り」 歌手：畠田理恵作詩：麻生圭子作曲：飛鳥 涼編曲：瀬尾一三曲名：「I Don’T know」 歌手：BaBe作詩：森雪之丞作曲：中崎英也編曲：中崎英也・杉山卓夫,,曲名：「女の駅」  歌手：大月みやこ作詩：石本美由起作曲：桜田誠一編曲：丸山雅仁,曲名：「キミはどんとくらい」  歌手：立花理佐作詩：真名杏樹作曲：山川恵津子編曲：山川恵津子,,,曲名：「命くれない」（クラウン） 歌手：瀬川瑛子作詩：吉岡 治作曲：北原じゅん編曲：馬場 良曲名：「愚か者」（CBS・ソニー） 歌手：近藤真彦作詩：伊達 歩作曲：井上堯之編曲：戸塚 修曲名：「君だけに」（ワーナー・パイオニア） 歌手：少年隊作詩：康 珍化作曲：筒美京平編曲：馬飼野康二曲名：「追憶」（徳間ジャパン） 歌手：五木ひろし作詩：阿久 悠作曲：三木たかし編曲：若草 恵曲名：「難破船」（ワーナー・パイオニア） 歌手：中森明菜作詩：加藤登紀子作曲：加藤登紀子編曲：若草 恵曲名：「濡れた髪のLonely」（テイチク） 歌手：池田 聡作詩：松井五郎作曲：中崎英也編曲：清水信之曲名：「Marionette」（東芝EMI） 歌手：BOØWY作詩：氷室京介作曲：布袋寅泰編曲：布袋寅泰曲名：「無錫旅情」（バップ） 歌手：尾形大作作詩：中山大三郎作曲：中山大三郎編曲：斎藤恒夫曲名：「夫婦善哉」（コロムビア） 歌手：石川さゆり作詩：吉岡 治作曲：弦 哲也編曲：山田年秋曲名：「六本木純情派」（ビクター） 歌手：荻野目洋子作詩：売野雅勇作曲：吉見明宏編曲：新川 博,,,,曲名：「君だけに」など  歌手：少年隊作詩：康 珍化作曲：筒美京平編曲：馬飼野康二,,,,,,,,,,,,,,,,,,,,,,,,
30,曲名：「パラダイス銀河」歌手：光GENJI作詩：飛鳥 涼作曲：飛鳥 涼編曲：佐藤 準ポニー・キャニオン,,,曲名：「ABコンプレックス」 歌手：相川恵理作詩：藤原安寿作曲：三浦一年編曲：萩田光雄曲名：「DAYBREAK」 歌手：男闘呼組作詩：大津あきら作曲：MARK DAVIS編曲：松下 誠曲名：「雨酒場」 歌手：香西かおり作詩：里村龍一作曲：聖川 湧編曲：馬場 良曲名：「89番目の星座」 歌手：伸村知夏作詩：蓮田ひろか作曲：川上明彦編曲：船山基紀曲名：「JUST ONE MORE KISS TO SEARCHI」 歌手：BUCK-TICK作詩：桜井敦司作曲：今井 寿編曲：BUCK-TICK・中山 努曲名：「王将一代小春しぐれ」 歌手：大和さくら作詩：吉岡 治作曲：市川昭介編曲：斎藤恒夫,,曲名：「人生いろいろ」  歌手：島倉千代子作詩：中山大三郎作曲：浜口庫之介編曲：竜崎孝路,曲名：「DAYBREAK」  歌手：男闘呼組作詩：大津あきら作曲：MARK DAVIS編曲：松下 誠,,,曲名：「あぁ、グッと」（CBS・ソニー） 歌手：近藤真彦作詩：康 珍化作曲：吉田拓郎編曲：松下 誠・中村 哲曲名：「祝い酒」（東芝EMI） 歌手：坂本冬美作詩：たかたかし作曲：猪俣公章編曲：小杉仁三曲名：「ANGEL」（東芝EMI） 歌手：氷室京介作詩：氷室京介作曲：氷室京介編曲：氷室京介曲名：「乾杯」（東芝EMI） 歌手：長渕 剛作詩：長渕 剛作曲：長渕 剛編曲：瀬尾一三・長渕 剛曲名：「人生いろいろ」（日本コロムビア） 歌手：島倉千代子作詩：中山大三郎作曲：浜口庫之介編曲：竜崎孝路曲名：「ストレンジャーTonight」（ビクター音楽産業） 歌手：荻野目洋子作詩：売野雅勇作曲：NOBODY編曲：米光 亮曲名：「TATTOO」（ワーナー・パイオニア） 歌手：中森明菜作詩：森由里子作曲：関根安里編曲：EUROX曲名：「パラダイス銀河」（ポニー・キャニオン） 歌手：光GENJI作詩：飛鳥 涼作曲：飛鳥 涼編曲：佐藤 準曲名：「BEYOND THE TIME」（EPIC・ソニー） 歌手：TM NETWORK作詩：小室みつ子作曲：小室哲哉編曲：小室哲哉曲名：「北緯五十度」（日本コロムビア） 歌手：細川たかし作詩：中山大三郎作曲：望月吾郎編曲：斎藤恒夫曲名：「乱れ花」（キングレコード） 歌手：大月みやこ作詩：松本礼児作曲：幸 耕平編曲：竹村次郎曲名：「港の五番町」（徳間ジャパン） 歌手：五木ひろし作詩：阿久 悠作曲：彩木雅夫編曲：竜崎孝路曲名：「MUGO・ん…色っぽい」（ポニー・キャニオン） 歌手：工藤静香作詩：中島みゆき作曲：後藤次利編曲：後藤次利曲名：「You’re My Only SHINEN’ STAR」（キングレコード） 歌手：中山美穂作詩：角松敏生作曲：角松敏生編曲：角松敏生曲名：「You Were Mine」（CBS・ソニー） 歌手：久保田利伸作詩：川村真澄作曲：久保田利伸・羽田一郎編曲：杉山貞夫&MOTHEREARTH,,,,,,,,,,,,,,,,,,,,,,,,,,,,
31,曲名：「淋しい熱帯魚」歌手：Wink作詩：及川眠子作曲：尾関昌也編曲：船山基紀ポリスター,,,曲名：「恋やどり」 歌手：尾鷲義人作詩：里村龍一作曲：三木たかし編曲：桜庭伸幸曲名：「夢だけみてる」 歌手：川越美和作詩：小椋 佳作曲：玉置浩二編曲：星 勝曲名：「男同士」 歌手：香田 晋作詩：星野哲郎作曲：船村 徹編曲：蔦 将包曲名：「真剣」 歌手：田村英里子作詩：松本 隆作曲：筒美京平編曲：新川 博曲名：「ふりむけばヨコハマ」 歌手：マルシア作詩：たきのえいじ作曲：猪俣公章編曲：竜崎孝路,,曲名：「風の盆恋歌」  歌手：石川さゆり作詩：なかにし礼作曲：三木たかし編曲：若草 恵,曲名：「ふりむけばヨコハマ」  歌手：マルシア作詩：たきのえいじ作曲：猪俣公章編曲：竜崎孝路,,,曲名：「男の情話」（東芝EMI） 歌手：坂本冬美作詩：松井由利夫作曲：猪俣公章編曲：馬場 良曲名：「風の盆恋歌」（日本コロムビア） 歌手：石川さゆり作詩：なかにし礼作曲：三木たかし編曲：若草 恵曲名：「川の流れのように」（日本コロムビア） 歌手：美空ひばり作詩：秋元 康作曲：見岳 章編曲：竜崎孝路曲名：「北国へ」（日本コロムビア） 歌手：細川たかし作詩：秋元 康作曲：高橋 研編曲：竜崎孝路曲名：「淋しい熱帯魚」（ポリスター） 歌手：Wink作詩：及川眠子作曲：尾関昌也編曲：船山基紀曲名：「TIME ZONE」（BMGビクター） 歌手：男闘呼組作詩：大津あきら作曲：M.Davis編曲：M.Davis曲名：「太陽がいっぱい」（ポニーキャニオン） 歌手：光GENJI作詩：大江千里作曲：大江千里編曲：中村 哲曲名：「ユア・マイ・ライフ」（外国語）（ビクター） 歌手：荻野目洋子作詩：売野雅勇作曲：J.クリスチャン編曲：矢野立美曲名：「酔いどれて」（東芝EMI） 歌手：桂 銀淑作詩：吉岡 治作曲：浜 圭介編曲：高田 弘曲名：「リゾ・ラバ」（CBSソニー） 歌手：BUKFU-SLUMP作詩：サンプラザ中野作曲：Newファンキー末吉編曲：BAKUFU-SLUMP,,,,,曲名：「川の流れのように」  歌手：美空ひばり作詩：秋元 康作曲：見岳 章編曲：竜崎孝路,,,,,,,,,,,,,,,,,,,,,,,
32,,,,,,曲名：「蛍」（日本コロムビア）  歌手：松原のぶえ,,,,,,,,,,曲名：「恋唄綴り」歌手：堀内孝雄作詩：荒木とよひさ作曲：堀内孝雄編曲：川村栄二ポリスター曲名：「おどるポンポコリン」歌手：B.B.クイーンズ作詩：さくらももこ作曲：織田哲郎編曲：織田哲郎,曲名：「愛されてセレナーデ」（東芝EMI）  歌手：ヤン・スギョン,曲名：「一円玉の旅がらす」（ビクター音楽産業）  歌手：晴山さおり,曲名：「恋唄綴り」（ポリスター）歌手：堀内孝雄作詩：荒木とよひさ作曲：堀内孝雄編曲：川村栄二,,曲名：「告白」（M・M・G）  歌手：竹内まりや,曲名：「真夏の果実」（ビクター音楽産業）  歌手：サザンオールスターズ,曲名：「お祭り忍者」（日本コロムビア）  歌手：忍者,曲名：「さよなら人類」（アクシック）  歌手：たま,曲名：「おどるポンポコリン」（BMGビクター）歌手：B.B.クイーンズ作詩：さくらももこ作曲：織田哲郎編曲：織田哲郎,曲名：「真夏の果実」（ビクター音楽産業）歌手：サザンオールスターズ作詩：桑田佳祐作曲：桑田佳祐編曲：サザンオールスターズ,,,,,,,,,,,,
33,,,,曲名：「やせがまん」（ビクター音楽産業） 歌手：唐木 淳曲名：「ものまね！想い出の九十九里浜」（日本クラウン） 歌手：しじみとさざえ曲名：「赤い花束」（ポニーキャニオン）歌手：中嶋美智代曲名：「どんなときも…」（WEAミュージック）歌手：槇原敬之曲名：「想い出の九十九里浜」（BMGビクター）歌手：Mi-Ke曲名：「伝説の少女」（日本コロムビア）歌手：観月ありさ,,曲名：「火の国の女」（東芝EMI）  歌手：坂本冬美,曲名：「やせがまん」（ビクター音楽産業）  歌手：唐木 淳曲名：「想い出の九十九里浜」（BMGビクター）  歌手：Mi-Ke,,,,,,,,,曲名：「北の大地」歌手：北島三郎作詩：星野哲郎作曲：船村 徹編曲：南郷達也日本クラウン曲名：「愛は勝つ」歌手：KAN作詩：KAN作曲：KAN編曲：KAN／小林信吾ポリドール,,,,,,,,,,,曲名：「流恋草」（ワーナー・ジャパン）歌手：香西かおり作詩：里村龍一作曲：聖川 湧編曲：馬場 良曲名：「北の大地」（日本クラウン）歌手：北島三郎作詩：星野哲郎作曲：船村 徹編曲：南郷達也曲名：「悲しみの訪問者」（東芝EMI）歌手：桂 銀淑作詩：荒木とよひさ作曲：三木たかし編曲：川村栄二プロデューサー：角谷哲朗曲名：「愛は勝つ」（ポリドール）歌手：KAN作詩：KAN作曲：KAN編曲：KAN／小林信吾曲名：「あなたに会えてよかった」（ビクター）歌手：小泉今日子作詩：小泉今日子作曲：小林武史編曲：小林武史曲名：「SAY YES」（ポニーキャニオン）歌手：CHAGE & ASKA作詩：ASKA作曲：ASKA編曲：澤近泰輔曲名：「はじまりはいつも雨」（ポニーキャニオン）歌手：ASKA作詩：ASKA作曲：ASKA編曲：澤近泰輔曲名：「ラブ・ストーリーは突然に」（ファンハウス）歌手：小田和正作詩：小田和正作曲：小田和正編曲：小田和正,曲名：「はじまりはいつも雨」（ポニーキャニオン）  歌手：ASKA,,,,,,,,,,
34,,,,曲名：「女…ひとり旅」（日本コロムビア） 歌手：田川寿美曲名：「大阪すずめ」（ソニー・レコード） 歌手：永井みゆき曲名：「DA・KA・RA」（東芝EMI） 歌手：大黒摩季曲名：「You’re the only…」（ソニー・レコード） 歌手：小野正利曲名：「今度私どこか連れていって下さいよ」（ワーナーミュージック） 歌手：加藤紀子曲名：「もう一度逢いたくて」（キティレコード） 歌手：高橋洋子,,曲名：「夜桜」（東芝EMI）  歌手：山川 豊,曲名：「大阪すずめ」（ソニー・ミュージックエンタテインメント）  歌手：永井みゆき曲名：「You’re the only…」（ソニー・レコード）  歌手：小野正利,,,,,,,,,曲名：「白い海峡」歌手：大月みや子作詩：池田充男作曲：伊藤雪彦編曲：池多孝春キングレコード曲名：「君がいるだけで」歌手：米 米 CLUB作詩：米 米 CLUB作曲：米 米 CLUB編曲：米 米 CLUB／中村 哲ソニー・ミュージックエンタテインメント,,,,,,,,,,,曲名：「白い海峡」（キングレコード）歌手：大月みや子作詩：池田充男作曲：伊藤雪彦編曲：池多孝春曲名：「都会の天使たち」（東芝EMI）歌手：堀内孝雄 ＆ 桂 銀淑作詩：荒木とよひさ作曲：堀内孝雄編曲：川内栄二曲名：「花挽歌」（ポリドール）歌手：香西かおり作詩：市川睦月作曲：三木たかし編曲：川村栄二プロデューサー：角谷哲朗曲名：「君がいるだけで」（ソニー・レコード）歌手：米 米 CLUB作詩：米 米 CLUB作曲：米 米 CLUB編曲：米 米 CLUB／中村 哲曲名：「決戦は金曜日」（EPIC・ソニー）歌手：ドリームズ・カム・トゥルー作詩：吉田美和作曲：中村正人編曲：中村正人曲名：「何も言えなくて…夏」（メルダック）歌手：J-WALK作詩：知久光康作曲：中村耕一編曲：J-WALK曲名：「涙のキッス」（ビクター）歌手：サザンオールスターズ作詩：桑田佳祐作曲：桑田佳祐編曲：小林武史＆サザンオールスターズ曲名：「はがゆい唇」（ビクター）歌手：高橋真梨子作詩：阿木耀子作曲：羽田一郎編曲：岩本正樹,曲名：「きっと、また逢える…」（ソニー・レコード）  歌手：松田聖子,尾崎 豊／ソニー・レコード,,,,,,,,,
35,,,,曲名：「ポケベルが鳴らなくて」（メルダック） 歌手：国武万理曲名：「Passing Love」（ビクター） 歌手：シュー・ビンセイ曲名：「Get Along Together」（日本クラウン） 歌手：山根康広,,曲名：「別れ曲でも唄って」（ポニーキャニオン）  歌手：前川 清,曲名：「Get Along Together」（日本クラウン）  歌手：山根康広,,,,,,,,,曲名：「無言坂」歌手：香西かおり作詩：市川睦月作曲：玉置浩二編曲：川村栄二プロデューサー：中川孝一ポリドール,,,,,,,,,,,,,,曲名：ロード（メルダック） 歌手：THE虎舞竜作詩：高橋ジョージ作曲：高橋ジョージ編曲：THE TRA-BRYU/入江純,曲名：「島唄」（ソニー・ミュージック・エンタテインメント）歌手：THE BOOM作詩：宮沢和史作曲：宮沢和史編曲：THE BOOM,「EZ DO DANCE」（エイベックス・トラックス）歌手：trf「THE 8TH OF ACE」（ソニー・レコード）歌手：米米CLUB谷村新司,,,,,,
36,,,,曲名：「海峡恋歌」（日本コロムビア）歌手：西尾夕紀曲名：「憧夢〜風に向かって」（TMC）歌手：Be-B曲名：「土佐のおんな節」（キングレコード）歌手：水田竜子,,曲名：「逢えるじゃないかまたあした」（テイチク）歌手：川中美幸,曲名：「海峡恋歌」（日本コロムビア）歌手：西尾夕紀,,,,,,,,,曲名：「innocent world」歌手：Mr.Children作詩：桜井和寿作曲：桜井和寿編曲：小林武史＆Mr.Childrenプロデューサー：小林武史トイズファクトリー,,,,,,,,,,,,,,,,「ROSIER」（MCAビクター） 歌手：LUNA SEAプロデューサー：加藤恭二／牧 美幸演出：大坪草次郎「神様の宝石でできた島」（ソニー・レコード） 歌手：MIYA&YAMIプロデューサー：佐藤 剛演出：齊藤達也,曲名：「月」（ビクターエンタテインメント）歌手：桑田佳祐作詩：桑田佳祐作曲：桑田佳祐編曲：桑田佳祐＆小倉博和プロデューサー：桑田佳祐曲名：「花のように 鳥のように」（東芝EMI）歌手：桂 銀淑作詩：阿久 悠作曲：杉本眞人編曲：宮崎慎二プロデューサー：染矢尋之曲名：「夜桜お七」（東芝EMI）歌手：坂本冬美作詩：林あまり作曲：三木たかし編曲：若草 恵プロデューサー：角谷哲朗曲名：「恋しさと せつなさと 心強さと」（EPIC・ソニー）歌手：篠原涼子with t.komuro作曲：小室哲哉作詩：小室哲哉編曲：小室哲哉プロデューサー：小室哲哉曲名：「survivaldAnce〜no no cry more」（エイベックス・トラックス）歌手：try作詩：小室哲哉作曲：小室哲哉編曲：小室哲哉プロデューサー：小室哲哉曲名：「めおと酒」（ビクターエンタテインメント）歌手：長山洋子作詩：たかたかし作曲：弦 哲也編曲：京 建輔プロデューサー：境 弘邦曲名：「今を抱きしめて」（ファンハウス）歌手：NOA作詩：白鳥 瞳作曲：YOSHIKI編曲：YOSHIKIプロデューサー：YOSHIKI曲名：「花のワルツ」（ソニーレコード）歌手：藤あや子作詩：たかたかし作曲：徳久広司編曲：南郷達也プロデューサー：太田 輝曲名：「愛が生まれた日」（日本コロムビア）歌手：藤谷美和子／大内義昭作詩：秋元 康作曲：羽場仁志編曲：萩田光男プロデューサー：古池鋭也曲名：「innocent world」（トイズ・ファクトリー）歌手：Mr.Children作詩：桜井和寿作曲：桜井和寿編曲：小林武史＆Mr.Childrenプロデューサー：小林武史,,,,,
37,,,,華原朋美美山純子矢吹春佳,,曲名：「夢街道」  歌手：山本譲二,曲名：「桃と林檎の物語」  歌手：美山純子,,,,,,,,,曲名：「OVERNIGHT SENSATION 〜時代はあなたに委ねてる〜」歌手：trf作詩：小室哲哉作曲：小室哲哉編曲：小室哲哉／久保こーじプロデューサー：小室哲哉エイベックス・ディー・ディー,,,,,,,,,,,,,,,,,,曲名：「愛すること」（東芝EMI）歌手：辛島美登里作詩：辛島美登里作曲：辛島美登里編曲：大村雅朗プロデューサー：辛島美登里曲名：「碧いうさぎ」（ビクターエンタテインメント）歌手：酒井法子作詩：牧瀬エミ作曲：織田哲郎編曲：新川 博プロデューサー：小川雅弘曲名：「OVERNIGHT SENSATION〜時代はあなたに委ねている〜」（エイベックス・トラックス）歌手：trf作詩：小室哲哉作曲：小室哲哉編曲：小室哲哉／久保こーじプロデューサー：小室哲哉曲名：「KANSHAして」（ビクターエンタテインメント）歌手：SMAP作曲：戸沢暢美作詩：林田健司編曲：清水信之プロデューサー：ジャニー喜多川曲名：「シーソーゲーム〜勇敢な恋の歌〜」（トイズファクトリー）歌手：Mr.Children作詩：桜井和寿作曲：桜井和寿編曲：小林武史＆Mr.Childrenプロデューサー：小林武史曲名：「捨てられて」（ビクターエンタテインメント）歌手：長山洋子作詩：鈴木紀代作曲：桧原さとし編曲：伊戸のりおプロデューサー：境 弘邦曲名：「ズルい女」（BMGビクター）歌手：シャ乱Ｑ作詩：つんく作曲：つんく編曲：たいせー＆シャ乱Ｑ／森 宣之（ホーンアレンジ）プロデューサー：二村恒元曲名：「旅まくら」（テイチク）歌手：天童よしみ作詩：石本美由紀作曲：水森英夫編曲：馬場 良プロデューサー：池田 純曲名：「TRY ME〜私を信じて〜」（東芝EMI）歌手：安室奈美恵withスーパーモンキーズ作詩：鈴木計見作曲：HINOKY TEAM編曲：DAVE RODGERSプロデューサー：松浦勝人曲名：「ロビンソン」（ポリドール）歌手：スピッツ作詩：草野正宗作曲：草野正宗編曲：笹路正徳＆スピッツプロデューサー：笹路正徳＆スピッツ,,,,
38,,,,SPEEDdosPuffy,,天童よしみ,Puffy,,,,,,,,,曲名：「Don’t wanna cry」歌唱：安室奈美恵作詩：小室哲哉&前田たかひろ作曲：小室哲哉編曲：小室哲哉プロデューサー：小室哲哉エイベックス・ディー・ディー,,,,,,,,,,,,,,,,,,曲名：「Don’t wanna cry」（エイベックス・ディー・ディー）歌手：安室奈美恵作詩：小室哲哉&前田たかひろ作曲：小室哲哉編曲：小室哲哉プロデューサー：小室哲哉曲名：「バンザイ〜好きでよかった〜」（東芝EMI）歌手：ウルフルズ作詩：トータス松本作曲：トータス松本編曲：ウルフルズ＆伊藤銀次プロデューサー：伊藤銀次曲名：「I’m Proud」（パイオニアLDC／オルモックレコーズ）歌手：華原朋美作詩：小室哲哉作曲：小室哲哉編曲：小室哲哉プロデューサー：小室哲哉曲名：「DEPARTURES」（エイベックス・ディー・ディー）歌手：globe作曲：小室哲哉作詩：小室哲哉編曲：小室哲哉プロデューサー：小室哲哉曲名：「蛍の提灯」（東芝EMI）歌手：坂本冬美作詩：阿久 悠作曲：宇崎竜童編曲：若草 恵プロデューサー：角谷哲朗曲名：「いいわけ」（BGMビクター）歌手：シャ乱Ｑ作詩：つんく作曲：つんく編曲：シャ乱Ｑプロデューサー：シャ乱Ｑ＆瀬戸由紀男曲名：「そばかす」（EPICソニーレコード）歌手：JUDY AND MARY作詩：YUKI作曲：恩田快人編曲：JUDY AND MARYプロデューサー：佐久間正英曲名：「倖せにしてね」（ビクターエンタテインメント）歌手：長山洋子作詩：荒木とよひさ作曲：大谷明裕編曲：伊戸のりおプロデューサー：境 弘邦曲名：「アジアの純真」（EPICソニーレコード）歌手：Puffy作詩：井上陽水作曲：奥田民生編曲：奥田民生プロデューサー：奥田民生曲名：「紅」（ソニー・ミュージックエンタテインメント）歌手：藤あや子作詩：坂口照幸作曲：水森英夫編曲：前田俊明プロデューサー：星野敬司,,,,
39,,,,岩出和也猿岩石知念里奈,,中村美律子,知念里奈,,,,,,,,,曲名：「CAN YOU CELEBRATE?」歌唱：安室奈美恵作詩：小室哲哉作曲：小室哲哉編曲：小室哲哉プロデューサー：小室哲哉エイベックス・ディー・ディー,,,,,,,,,,,,,,,,,,曲名：「CAN YOU CELEBRATE?」（エイベックス・ディー・ディー）歌手：安室奈美恵作詩：小室哲哉作曲：小室哲哉編曲：小室哲哉プロデューサー：小室哲哉曲名：「Dear My Friend」（エイベックス・ディー・ディー）歌手：Every Little Thing作詩：五十嵐充作曲：五十嵐充編曲：五十嵐充プロデューサー：五十嵐充曲名：「夫婦みち」（日本コロムビア）歌手：オーロラ輝子作詩：津城ひかる作曲：弦 哲也編曲：南郷達也プロデューサー：齊藤邦夫曲名：「Glass」（ビクターエンタテインメント）歌手：河村隆一作詩：河村隆一作曲：河村隆一／吉田美智子編曲：河村隆一／中村 哲／難波正司プロデューサー：河村隆一曲名：「HOWEVER」（PLATINUM RECORDS）歌手：GLAY作詩：TAKURO作曲：TAKURO編曲：GLAY／佐久間正英プロデューサー：佐久間正英曲名：「すき」（ポリドール）歌手：香西かおり作詩：香西かおり作曲：玉置浩二編曲：若草 恵プロデューサー：中川孝一曲名：「WHITE LOVE」（トイズファクトリー）歌手：SPEED作詩：伊秩弘将作曲：伊秩弘将編曲：水島康貴プロデューサー：伊秩弘将曲名：「珍島物語」（テイチク）歌手：天童よしみ作詩：中山大三郎作曲：中山大三郎編曲：竜崎孝路プロデューサー：山田廣作曲名：「Give me Shake」（エイベックス・ディー・ディー）歌手：MAX作詩：えびね遊子作曲：星野靖彦編曲：上野圭市曲名：「ひだまりの詩」（ポニーキャニオン）歌手：Le Couple作詩：水野幸代作曲：日向敏文編曲：日向敏文プロデューサー：日向敏文,,,,
40,,,,鈴木あみtohkoモーニング娘。,,鳥羽一郎,モーニング娘。,,,,,,,,,曲名：「Wanna Be A Dreammaker」歌唱：globe作詩：MARC&小室哲哉作曲：小室哲哉編曲：小室哲哉プロデューサー：小室哲哉エイベックス,,,,,,,,,,,,,,,,,,曲名：「哀愁港」（日本コロムビア）歌手：田川寿美作詩：悠木圭子作曲：鈴木 淳編曲：前田俊明プロデューサー：宅間正純曲名：「ALIVE」（トイズファクトリー）歌手：SPEED作詩：伊秩弘将作曲：伊秩弘将編曲：水島康貴プロデューサー：伊秩弘将曲名：「SOUL LOVE」（UNLIMITED RECORDS）歌手：GRAY作詩：TAKURO作曲：TAKURO編曲：GRAY／佐久間正英プロデューサー：佐久間正英曲名：「Time goes by」（エイベックス）歌手：Every Little Thing作曲：五十嵐充作詩：五十嵐充編曲：五十嵐充プロデューサー：五十嵐充曲名：「長い間」（ビクターエンタテインメント）歌手：kiroro作詩：玉城千春作曲：玉城千春編曲：重実 徹プロデューサー：鎌田俊哉／梅木康裕曲名：「二輪草」（テイチク）歌手：川中美幸作詩：水木かおる作曲：弦 哲也編曲：前田俊明プロデューサー：千賀泰洋曲名：「HONEY」（キューンレコード）歌手：L’Arc-en-Ciel作詩：hyde作曲：hyde編曲：L’Arc-en-Ciel+Hajime Okanoプロデューサー：L’Arc-en-Ciel+Hajime Okano曲名：「Ride on time」（エイベックス）歌手：MAX作詩：松井五郎作曲：横山輝一編曲：横山輝一曲名：「Rhapsody in Blue」（エイベックス）歌手：DA PUMP作詩：mc A・T作曲：富樫明生編曲：富樫明生プロデューサー：富樫明生曲名：「wanna Be A Dreammaker」（エイベックス）歌手：globe作詩：MARC&小室哲哉作曲：小室哲哉編曲：小室哲哉プロデューサー：小室哲哉,,,,
41,,,,太陽とシスコムーン（ゼティマ）八反安未果（ポニーキャニオン）山本智子（日本コロムビア）和田青児（日本クラウン）,,郷 ひろみ,八反安未果,,,,,,,,,"曲名：「Winter, again」歌唱：GLAY作詩：TAKURO作曲：TAKURO編曲：MASAHIDE SAKUMA & GLAYプロデューサー：MASAHIDE SAKUMAUNLIMITED RECORDS",,,,,,,,,,,,,,,,,,"曲名：「あの紙ヒコーキ くもり空わって」（ビクターエンタテインメント）歌手：１９作詩：326作曲：19編曲：茂村泰彦プロデューサー：高田真樹曲名：「Winter, again」（UNLIMITED RECORDS）歌手：GLAY作詩：TAKURO作曲：TAKURO編曲：MASAHIDE SAKUMA & GLAYプロデューサー：MASAHIDE SAKUMA曲名：「Automatic」（東芝EMI）歌手：宇多田ヒカル作詩：宇多田ヒカル作曲：宇多田ヒカル編曲：西平彰／河野圭／Taka&Speedyプロデューサー：三宅彰／宇多田SKING照實曲名：「北海岸」（日本コロムビア）歌手：田川寿美作曲：きたのえいじ作詩：鈴木 淳編曲：前田俊明プロデューサー：宅間正純曲名：「君影草」（テイチクエンタテインメント）歌手：川中美幸作詩：水木かおる作曲：弦 哲也編曲：南郷達也プロデューサー：千賀泰洋曲名：「だんご３兄弟」（ポニーキャニオン）歌手：速水けんたろう・茂森あゆみ作詩：佐藤雅彦／内野真澄作曲：内野真澄／堀江由朗編曲：堀江由朗プロデューサー：古屋光昭曲名：「津軽の花」（キングレコード）歌手：原田悠里作詩：麻こよみ作曲：岡 千秋編曲：南郷達也プロデューサー：大久保健二曲名：「Boys&Girls」（エイベックス）歌手：浜崎あゆみ作詩：浜崎あゆみ作曲：D・A・I編曲：鈴木直人／D・A・Iプロデューサー：max matsuura曲名：「ラストチャンス」（東芝EMI）歌手：Something Else作詩：Something Else作曲：Something Else編曲：森俊之+Something Else曲名：「LOVEマシーン」（ゼティマ）歌手：モーニング娘。作詩：つんく作曲：つんく編曲：ダンス☆マンプロデューサー：つんく",,,,
42,,,,EARTH（SONIC GROOVE）チェウニ（テイチクエンタテインメント）氷川きよし（日本コロンビア）,,香西かおり,氷川きよし（日本コロムビア）,,,,,,,,,曲名：「TSUNAMI」歌唱：サザンオールスターズ作詩：桑田佳祐作曲：桑田佳祐編曲：サザンオールスターズ弦編曲：島 健プロデューサー：サザンオールスターズビクターエンタテインメント株式会社タイシタレーベル1978年6月25日にシングル『勝手にシンドバッド』でデビュー。シャレた詩と独特のボーカルで日本中にサザン旋風を巻き起こす。そのハチャメチャなパフォーマンスのために不本意にも当初コミックバンドと評価されるが、1979年『いとしのエリー』の大ヒットをきっかけに、日本を代表するロックグループとして名実ともに評価を受ける。以降数々の記録と記憶に残る作品を世に送り続け、時代とともに新たなアプローチで常に音楽をリードし続ける。2000年1月にリリースした『TSUNAMI』がバンドとして最高のセールスを記録。11月22日にリリースした『バラッド３』も300万近いセールスを伸ばしている。,,,,,,,,,,,,,,,,,,曲名：「あなたのキスを数えましょう 〜You were mine〜」（ワーナーミュージックジャパン）歌手：小柳ゆき作詩：高柳 恋作曲：中崎英也編曲：中崎英也曲名：「if…」（エイベックス）歌手：DA PUMP作詩：m.c.A・T作曲：富樫明夫編曲：富樫明夫プロデューサー：富樫明夫曲名：「恋のダンスサイト」（ゼティマ）歌手：モーニング娘。作詩：つんく作曲：つんく編曲：ダンス☆マンプロデューサー：つんく曲名：「こぼれ月」（日本コロムビア）歌手：田川寿美作詩：坂口照幸作曲：大谷明裕編曲：前田俊明プロデューサー：齊藤邦夫曲名：「SEASONS」（エイベックス）歌手：浜崎あゆみ作詩：浜崎あゆみ作曲：D・A・I編曲：鈴木直人プロデューサー：max matsuura曲名：「TSUNAMI」（ビクターエンタテインメント株式会社タイシタレーベル）歌手：サザンオールスターズ作詩：桑田佳祐作曲：桑田佳祐編曲：サザンオールスターズ弦編曲：島 健プロデューサー：サザンオールスターズ曲名：「Treasure」（トイズファクトリー）歌手：hiro作詩：葉山拓亮作曲：葉山拓亮編曲：葉山拓亮曲名：「孫」（テイチクエンタテインメント）歌手：大泉逸郎作詩：荒木良治作曲：大泉逸郎編曲：花岡優平プロデューサー：千賀泰洋曲名：「夢ひとすじ」（キングレコード）歌手：原田悠里作詩：麻 こよみ作曲：九条 遙編曲：南郷達也プロデューサー：大久保健二曲名：「LOVE 2000」（エイベックス）歌唱：hitomi作詩：hitomi作曲：鎌田雅人編曲：渡辺善太郎プロデューサー：渡辺善太郎,,,,
43,,,,w-inds.（株式会社ポニーキャニオン）音羽しのぶ（キングレコード株式会社）ZONE（株式会社ソニー・ミュージックエンタテインメント）,,田川寿美,w-inds.（株式会社ポニーキャニオン）,,,曲名：「fragile」（エイベックス株式会社）歌唱：Every Little Thing作詩：持田香織作曲：菊池一仁編曲：伊藤一郎・桑島幻矢・菊池一仁曲名：「大河の流れ」（株式会社テイチクエンタテインメント）歌唱：川中美幸作詩：吉岡 治作曲：弦 哲也編曲：前田俊明プロデューサー：千賀泰洋曲名：「いつも何度でも」（株式会社徳間ジャパンコミュニケーションズ）歌唱：木村 弓作詩：覚 和歌子作曲：木村 弓プロデューサー：久石 譲曲名：「白い恋人達」（ビクターエンタテインメント株式会社タイシタレーベル）歌唱：桑田佳祐作曲：桑田佳祐作詩：桑田佳祐編曲：桑田佳祐・弦&管編曲／島 健曲名：「海鳴り」（日本コロムビア株式会社）歌唱：田川寿美作詩：悠木圭子作曲：鈴木 淳編曲：前田俊明プロデューサー：齊藤邦夫曲名：「Steppin’and Shakin'」（エイベックス株式会社）歌唱：DA PUMP作詩：m.c.A・T & KEN作曲：富樫明生編曲：富樫明生プロデューサー：富樫明生曲名：「春が来た」（株式会社テイチクエンタテインメント）歌唱：天童よしみ作詩：建石 一作曲：徳久広司編曲：池多孝春プロデューサー：池田 純曲名：「Dearest」（エイベックス株式会社）歌唱：浜崎あゆみ作詩：浜崎あゆみ作曲：CREA + D・A・I編曲：Naoto Suzukiプロデューサー：max matsuura曲名：「三年ぶりの人だから」（キングレコード株式会社）歌唱：原田悠里作詩：麻 こよみ作曲：馬飼野俊一編曲：南郷達也プロデューサー：大久保健二曲名：「大井追っかけ音次郎」（日本コロムビア株式会社）歌唱：氷川きよし作詩：松井由利夫作曲：水森英雄編曲：伊戸のりおプロデューサー：齊藤邦夫曲名：「IS IT YOU?」（エイベックス株式会社）歌唱：hitomi作詩：hitomi作曲：森元康介編曲：渡辺善太郎プロデューサー：渡辺善太郎曲名：「Your innocence」（株式会社トイズファクトリー）歌唱：hiro作詩：葉山拓亮作曲：葉山拓亮編曲：葉山拓亮,,,,,,曲名：「Dearest」歌唱：浜崎あゆみ作詩：ayumi Hamasaki作曲：CREA + D・A・I編曲：Naoto Suzukiプロデューサー：max matsuuraエイベックス株式会社1978年10月2日生まれ。福岡県出身。1998年4月『poker face』でデビュー。これまでにシングル24枚、オリジナルアルバム3枚、ベストアルバム1枚をリリース、全作品自ら作詩を手がけ、その詩に共感や感動をおぼえるファンも多い。2001年は初のドームツアーを行い、全国で約30万人を動員するなど精力的に活動を行う。2002年、元旦に4枚目のアルバム「I am」をリリース。,,,,,,,,,,,,,,,,,,,,,,
44,,,,椎名佐千子（キングレコード株式会社）day after tomorrow（エイベックス株式会社）中島美嘉（株式会社ソニー・ミュージックアソシエイテッドレコーズ）Lead（株式会社ポニーキャニオン）,,森山良子,中島美嘉（株式会社ソニー・ミュージックアソシエイテッドレコーズ）,,,"曲名：「亜麻色の髪の乙女」（エイベックス株式会社）歌唱：島谷ひとみ作詩：橋本 淳作曲：すぎやまこういち編曲：大槻”KALTA”英宣プロデューサー：土屋純一・樋口紀男曲名：「Eternal Place」（エイベックス株式会社）歌唱：hiro作詩：伊秩弘将作曲：伊秩弘将編曲：田辺恵二プロデューサー：伊秩弘将曲名：「おんな坂」（キングレコード株式会社）歌唱：原田悠里作詩：原 譲二作曲：原譲二編曲：丸山雅仁プロデューサー：大久保健二曲名：「貴船の宿」（株式会社テイチクエンタテインメント）歌唱：川中美幸作詩：吉田 治作曲：弦 哲也編曲：前田俊明プロデューサー：千賀泰洋曲名：「きよしのズンドコ節」（コロムビアミュージックエンタテインメント株式会社）歌唱：氷川きよし作詩：松井由利夫作曲：水森英夫編曲：伊戸のりおプロデューサー：紫村 恭曲名：「キヲク」（エイベックス株式会社）歌唱：Every Little Thing作詩：持田香織作曲：菊地一仁編曲：村田 昭 & Every Little Thingプロデューサー：松浦真在人曲名：「さとうきび畑」（株式会社ドリーミュージック）歌唱：森山良子作詩：寺島尚彦作曲：寺島尚彦編曲：五十嵐宏治プロデューサー：松田 直曲名：「涙そうそう」（ビクターエンタテインメント株式会社）歌唱：夏川りみ作詩：森川良子作曲：BEGIN編曲：京田誠一プロデューサー：角谷哲朗曲名：「女人高野」（コロムビアミュージックエンタテインメント株式会社）歌唱：田川寿美作詩：五木寛之作曲：幸 耕平編曲：若草 恵プロデューサー：紫村 恭曲名：「Because of you」（株式会社ポニーキャニオン）歌唱：w-inds.作詩：shungo.作曲：Kazuhiro Hara編曲：Kazuhiro Haraプロデューサー：榊原幸人曲名：「Voyage」（エイベックス株式会社）歌唱：浜崎あゆみ作詩：ayumi hamasaki作曲：CREA + D・A・I編曲：Ken Shimaプロデューサー：max matsuura曲名：「LISTEN TO MY HEART」（エイベックス株式会社）歌唱：BoA作詩：渡辺なつみ作曲：原 一博編曲：原 一博プロデューサー：松浦真在人・Lee,Soo Man",,,,,,曲名：「Voyage」歌唱：浜崎あゆみ作詩：ayumi Hamasaki作曲：CREA + D・A・I編曲：Ken Shimaプロデューサー：max matsuuraエイベックス株式会社福岡県出身。1998年4月『poker face』でデビュー。これまでにシングル28枚、アルバム5枚をリリース、2002年7月に発売したマキシシングル『※1』はミリオンセラーを記録。2001年は『Dearest』で第43回日本レコード大賞を受賞。自ら作詞・作曲を手がけ、彼女の描く世界観に共感するファンも多い。また、彼女のファッションスタイルは多くの若者のカリスマ的存在として新たな流行を生み出している。,,,,,,,,,,,,,,,,,,,,,,
45,,,,神園さやか（日本クラウン株式会社）SHY（キングレコード株式会社／KMF）一青 窈（コロムビアミュージックエンタテインメント株式会社）南かなこ（コロムビアミュージックエンタテインメント株式会社）,,氷川きよし,一青 窈（コロムビアミュージックエンタテインメント株式会社）,,,曲名：「浮雲ふたり」（キングレコード株式会社）歌唱：神野美伽作詩：荒木とよひさ作曲：岡 千秋編曲：前田俊明プロデューサー：古川健仁／渡辺龍男曲名：「おんなの一生〜汗の花〜」（株式会社テイチクエンタテインメント）歌唱：川中美幸作詩：吉岡 治作曲：弦 哲也編曲：前田俊明プロデューサー：千賀泰洋曲名：「DOUBLE」（エイベックス株式会社）歌唱：BoA作詩：渡辺なつみ作曲：原 一博編曲：h-wonder曲名：「Together」（エイベックス株式会社）歌唱：EXILE作曲：EXILE & Kenn Kato作詩：Kazuhiro Hara編曲：Kazuhiro Hara曲名：「鳥取砂丘」（株式会社徳間ジャパンコミュニケーションズ）歌唱：水森かおり作詩：木下龍太郎作曲：弦 哲也編曲：前田俊明曲名：「Night Walk」（エイベックス株式会社）歌唱：DA PUMP作詩：DA PUMP作曲：DA PUMP編曲：松本圭司プロデューサー：DA PUMP曲名：「No way to say」（エイベックス株式会社）歌唱：浜崎あゆみ作詩：ayumi hamasaki作曲：BOUNCEBACK編曲：HΛLプロデューサー：max matsuura曲名：「白雲の城」（コロムビアミュージックエンタテインメント株式会社）歌唱：氷川きよし作詩：松井由利夫作曲：水森英夫編曲：伊戸のりお曲名：「Perseus -ペルセウス-」（エイベックス株式会社）歌唱：島谷ひとみ作詩：BOUNCEBACK作曲：迫 茂樹編曲：h-wonderプロデューサー：樋口紀男／土屋純一曲名：「雪の華」（株式会社ソニー・ミュージックアソシエイテッド レコーズ）歌唱：中島美嘉作詩：Satomi作曲：松本良喜編曲：松本良喜プロデューサー：松本良喜曲名：「Long Road」（株式会社ポニーキャニオン）歌唱：w-inds.作詩：shungo.作曲：松本良喜編曲：中野定博プロデューサー：榊原幸人曲名：「童神〜ヤマトグチ〜」（ビクターエンタテインメント株式会社）歌唱：夏川りみ作詩：古謝美佐子作曲：佐原一哉編曲：京田誠一プロデューサー：角谷哲朗,,,,,,曲名：「No way to say」歌唱：浜崎あゆみ作詩：ayumi Hamasaki作曲：BOUNCEBACK編曲：HΛLプロデューサー：max matsuuraエイベックス株式会社福岡県出身。1998年4月『poker face』でデビュー。これまでにシングル31枚、アルバム5枚をリリース、2001年『Dearest』で第43回日本レコード大賞。2002年『Voyage』で第44回日本レコード大賞を2年連続で受賞、2003年で3年連続の受賞となる。自ら作詞・作曲を手がけ、彼女の描く世界観に共感するファンも多い。,,,,,,,,,,,,,,,,,,,,,,
46,,,,大塚 愛（エイベックス株式会社）平原綾香（株式会社ドリーミュージック）北山たけし（株式会社テイチクエンタテインメイト）森山愛子（東芝EMI株式会社）,,夏川りみ,大塚 愛（エイベックス株式会社）,,,曲名：「あかね雲」（キングレコード株式会社）歌唱：神野美伽作詩：荒木とよひさ作曲：岡 千秋編曲：前田俊明プロデューサー：古川健仁／渡辺龍男曲名：「愛よ愛よ[かなよかなよ]」（ビクターエンタテインメント株式会社）歌唱：夏川りみ作詩：宮沢和史作曲：宮沢和史編曲：京田誠一プロデューサー：角谷哲朗曲名：「あなたがいれば」（ユニバーサルミュージック株式会社）歌唱：華原朋美作詩：KANG HYUN MIN／並河祥太（日本語詞）作曲：KANG HYUN MIN編曲：鈴木健治プロデューサー：与田春生曲名：「Carry On」（エイベックス株式会社）歌唱：EXILE作曲：SHUN作詩：Kazuhiro Hara編曲：h-wonderプロデューサー：EXILE曲名：「QUINCY」（エイベックス株式会社）歌唱：BoA作詩：Samuel Waermo/Macus Demulf/Jan Lysdahl/Harry Sommerdahl/康 珍化（日本語詞）作曲：Samuel Waermo/Macus Demulf/Jan Lysdahl/Harry Sommerdahl編曲：h-wonder曲名：「Sign」（株式会社トイズファクトリー）歌唱：Mr.Children作詩：桜井和寿作曲：桜井和寿編曲：小林武史 & Mr.Childrenプロデューサー：小林武史曲名：「釧路湿原」（株式会社徳間ジャパンコミュニケーションズ）歌唱：水森かおり作詩：木下龍太郎作曲：弦 哲也編曲：前田俊明プロデューサー：長良じゅん曲名：「桜」（株式会社ワーナーミュージック・ジャパン）歌唱：河口恭吾作詩：河口恭吾作曲：河口恭吾編曲：武藤良明プロデューサー：河口恭吾曲名：「Night Deluxe」（株式会社ポニーキャニオン）歌唱：Lead作詩：藤林聖子作曲：今井大介編曲：今井大介曲名：「氷見[ひみ]の雪」（キングレコード株式会社）歌唱：原田悠里作詩：つじ伸一作曲：岸本健介編曲：前田俊明プロデューサー：水川忠良曲名：「番場の忠太郎」（コロムビアミュージックテンタテインメント株式会社）歌唱：氷川きよし作詩：松井由利夫作曲：水森英夫編曲：伊戸のりおプロデューサー：長良じゅん曲名：「胸焦がす」（エイベックス株式会社）歌唱：DA PUMP作詩：DA PUMP作曲：DA PUMP編曲：DA PUNPYプロデューサー：DA PUMP,,,,,,曲名：「Sign」歌唱：Mr.Children作詩：桜井和寿作曲：桜井和寿編曲：小林武史 & Mr.Childrenプロデューサー：小林武史株式会社トイズファクトリー1989年、桜井和寿(Vo & G)・田原健一(G)・中川敬輔(B)・鈴木英哉(Dr)でMr.Children結成。1992年5月ミニアルバム『EVERYTHING』でデビュー。1994年、シングル『innocent world』で第36回日本レコード大賞を受賞。以降『Tomorrow never knows』『名もなき詩』など数々の大ヒット・シングルを世に送り出す。2004年4月にアルバム『シフクノオト』、5月にシングル『Sign』（ドラマ「オレンジデイズ」主題歌）をリリース。ともに2004年を代表する作品として、2004年末現在も売り上げを伸ばしている。,,,,,,,,,,,,,,,,,,,,,,
47,,,,O's（エイベックス・エンタテインメント株式会社）AAA[トリプルエー]（エイベックス・エンタテインメント株式会社）中ノ森BAND（株式会社テイチクエンタテインメント、インペリアルレコード）HIGH and MIGHTY COLOR（株式会社エスエムイーレコーズ）,,水森かおり,AAA[トリプルエー]（エイベックス・エンタテインメント株式会社）,川中美幸（株式会社テイチクエンタテインメント）リュ・シウォン（株式会社徳間ジャパンコミュニケーションズ）,,曲名：「あたらしい季節へ」（株式会社ポニーキャニオン）歌唱：Lead作詩：川口京吾作曲：川口京吾編曲：武藤良明曲名：「十六夜の月」（株式会社ポニーキャニオン）歌唱：w-inds.作詩：shungo.作曲：松本良喜編曲：華原大輔プロデューサー：榊原幸人曲名：「Eventful」（エイベックス・エンタテインメント株式会社）歌唱：鈴木亜美作詩：鈴木亜美作曲：渡辺 徹編曲：渡辺 徹曲名：「ココロツタエ」（ビクターエンタテインメント株式会社）歌唱：夏川りみ作曲：谷村新司作詩：谷村新司編曲：千住 明プロデューサー：谷村新司曲名：「五能線」（株式会社徳間ジャパンコミュニケーションズ）歌唱：水森かおり作詩：木下龍太郎作曲：弦 哲也編曲：前田俊明プロデューサー：長良じゅん曲名：「桜」（株式会社ワーナーミュージック・ジャパン）歌唱：コブクロ作詩：小渕健太郎、黒田俊介作曲：小渕健太郎、黒田俊介編曲：コブクロプロデューサー：大野雅子曲名：「沙[すな]の川」（キングレコード株式会社）歌唱：原田悠里作詩：つじ伸一作曲：岸本健介編曲：前田俊明プロデューサー：大野雅子曲名：「Butterfly」（エイベックス・エンタテインメント株式会社）歌唱：倖田來未作詩：倖田來未作曲：渡辺未来編曲：渡辺未来曲名：「初恋列車」（コロムビアミュージックエンタテインメント株式会社）歌唱：氷川きよし作詩：里村龍一作曲：北野 明編曲：伊戸のりおプロデューサー：長良じゅん曲名：「プラネタリウム」（エイベックス・エンタテインメント株式会社）歌唱：大塚 愛作詩：愛作曲：愛編曲：愛 × Ikoman,,,,,,曲名：「Butterfly」歌唱：倖田來未作詩：倖田來未作曲：渡辺未来編曲：渡辺未来エイベックス・エンタテインメント株式会社2000年11月全米にてシングル『TAKE BACK』でデビュー。日本では2000年12月デビュー。2005年9月21日に発売したベストアルバム『BEST〜first things〜』がオリコンチャート2週目にして１位獲得。2005年末までにオリジナルアルバム４枚、シングル18枚、DVD4枚を発売。高い歌唱力と共感を呼ぶ作詞、セクシー＆キュートなルックスと、日本でもトップクラスと言われるパワフルなライブパフォーマンスで日本のみならずアメリカやアジア各国でも話題をよんでいる。,,,,,,,,,,,,,,,,,,,,,,
48,,,,絢香（株式会社ワーナーミュージック・ジャパン）SunSet Swish（株式会社SMEレコーズ）山本あき（キングレコード株式会社）WaT（ユニバーサルミュージック株式会社）,,倖田來未,絢香（株式会社ワーナーミュージック・ジャパン）,,,曲名：「一剣」（コロムビアミュージックエンタテインメント株式会社）歌唱：氷川きよし作詩：松井由利夫作曲：水森英夫編曲：佐伯 亮プロデューサー：長良じゅん曲名：「Winter Love」（エイベックス・エンタテインメント株式会社）歌唱：BoA作詩：Natsumi Watanabe作曲：ats-編曲：ats-曲名：「気分上々↑↑」（ユニバーサルミュージック株式会社）歌唱：mihimaruGT作詩：hiroko、mitsuyuki miyake作曲：mitsuyuki miyake、日比野元気、shifo編曲：mitsuyuki miyake、日比野元気プロデューサー：tearbridge production曲名：「君という名の翼」（株式会社ワーナーミュージック・ジャパン）歌唱：コブクロ作曲：小渕健太郎作詩：小渕健太郎編曲：コブクロプロデューサー：コブクロ曲名：「熊野古道」（株式会社徳間ジャパンコミュニケーションズ）歌唱：水森かおり作詩：木下龍太郎作曲：弦 哲也編曲：前田俊明プロデューサー：長良じゅん曲名：「ブギウギ66」（株式会社ポニーキャニオン）歌唱：w-inds.作詩：島崎貴光、シライ紗トリ作曲：シライ紗トリ編曲：田辺恵二プロデューサー：榊原幸人曲名：「Fly High」（株式会社テイチクエンタテインメント／インペリアルレコード）歌唱：中ノ森BAND作詩：中ノ森文子、島崎貴光作曲：中ノ森文子、T.M.O編曲：中ノ森BAND、小高光太郎プロデューサー：榊原幸人曲名：「ボクノート」（株式会社BMG JAPAN）歌唱：スキマスイッチ作詩：大橋卓弥、常田真太郎作曲：大橋卓弥、常田真太郎編曲：大橋卓弥、常田真太郎プロデューサー：スキマスイッチ曲名：「夢のうた」（エイベックス・エンタテインメント株式会社）歌唱：倖田來未作詩：Kumi Koda作曲：Hiroo Yamaguchi編曲：Tohru Watanabe曲名：「恋愛写真」（エイベックス・エンタテインメント株式会社）歌唱：大塚愛作詩：愛作曲：愛編曲：愛 × Ikoman,,,,,,曲名：「一剣」歌唱：氷川きよし作詩：松井由利夫作曲：水森英夫編曲：佐伯 亮プロデューサー：長良じゅんコロムビアミュージックエンタテインメント株式会社福岡県出身。2000年『箱根八里の半次郎』でデビューし、日本レコード大賞最優秀新人賞を受賞。以降6年連続で金賞を受賞し、2003年『白雲の城』では最優秀歌唱賞を受賞する。2006年は節目の10作目のシングル『一剣』をリリースし、2月に大阪にて劇場１ヶ月公演を実施の後、全国50ヶ所100公演のコンサートツアーを敢行。精力的に活動した。,,,,,,,,,,,,,,,,,,,,,,
49,,,,℃-ute（UP-FRONT WORKS)JYONGRI（株式会社EMIミュージック・ジャパン）ステファニー（株式会社SMEレコーズ）高杉さと美（エイベックス・エンタテインメント株式会社）,,EXILE,℃-ute （UP-FRONT WORKS）,,,曲名：「愛のうた」（エイベックス・エンタテインメント株式会社）歌唱：倖田來未作詩：倖田來未／森元康介作曲：森元康介編曲：十川知司曲名：「金沢の雨」（株式会社テイチクエンタテインメント）歌唱：川中美幸作詩：吉岡 治作曲：弦 哲也編曲：前田俊明曲名：「きよしのソーラン節」（コロムビアミュージックエンタテインメント株式会社）歌唱：氷川きよし作詩：松井由利夫作曲：水森英夫編曲：伊戸のりおプロデューサー：長良じゅん曲名：「Jewelry day」（株式会社ワーナーミュージック・ジャパン）歌唱：絢香作詩：絢香作曲：西尾芳彦編曲：L.O.E／四家卯大プロデューサー：西尾芳彦曲名：「蕾（つぼみ）」（株式会社ワーナーミュージック・ジャパン）歌唱：コブクロ作詩：小渕健太郎作曲：小渕健太郎編曲：コブクロプロデューサー：コブクロ曲名：「時の描片 〜トキノカケラ〜」（エイベックス・エンタテインメント株式会社）歌唱：EXILE作詩：Daisuke“DAIS” Miyachi作曲：Daisuke“DAIS” Miyachi曲名：「PEACHI」（エイベックス・エンタテインメント株式会社）歌唱：大塚 愛作詩：愛作曲：愛編曲：愛 × Ikoman曲名：「ひとり薩摩路」（株式会社徳間ジャパンコミュニケーションズ）歌唱：水森かおり作詩：下地亜記子作曲：弦 哲也編曲：前田俊明プロデューサー：長良じゅん曲名：「LOVE IS THE GREATEST THING」（株式会社ポニーキャニオン）歌唱：w-inds.作詩：shungo.作曲：Henrik Korpi/Jens Bergmark/Lisa Millett編曲：Koma2 Kazプロデューサー：榊原幸人曲名：「LOVE LETTER」（エイベックス・エンタテインメント株式会社）歌唱：BoA作詩：BoA/Natsumi Watanabe作曲：Yoko Kuzuya編曲：YANAGIMAN,,,,,,曲名：「蕾（つぼみ）」歌唱：コブクロ作詩：小渕健太郎作曲：小渕健太郎編曲：コブクロプロデューサー：コブクロ株式会社ワーナーミュージック・ジャパン小渕健太郎は宮崎県出身。黒田俊輔は大阪府出身。1998年9月に「コブクロ」を結成し、2001年3月『YELL〜エール〜／Bell』でメジャーデビュー。2005年5月、TVドラマの主題歌として発売された『ここにしか咲かない花』、同年11月に発売した『桜』が共に大ヒットを記録。2006年５月には初のベスト・アルバム『ALL SINGLES BEST』をリリースし、オリコン4週連続1位を獲得し、2007年10月に300万枚を突破。第47回・第48回日本レコード大賞で2年連続の金賞を受賞・そして、2007年2月、絢香とのコラボレーション・シングル『WINDINNG ROAD』をリリース。3月には4作連続ドラマ主題歌となる『蕾（つぼみ）』がリリースされた。そして、12月19日には6thアルバム『5296』をリリースした。,,,,,,,,,,,,,,,,,,,,,,
50,,,,GIRL NEXT DOORキマグレン桜井くみ子ジェロ福井 舞,,中村美律子,ジェロ,,,,,,,,,曲名：「Ti Amo」歌唱：EXILE作詩：松尾潔作曲：Jin Nakamura／松尾潔編曲：Jin Nakamuraプロデューサー：EXILE and HIROプロダクション：株式会社LDHエイベックス・エンタテインメント株式会社,,,,,,,,,,,,,,,,,,曲名：「愛のままで…」（キングレコード株式会社）歌唱：秋元順子作詩：花岡優平作曲：花岡優平編曲：花岡優平曲名：「アメあと」（株式会社ポニーキャニオン）歌唱：w-inds.作詩：飯田哲也作曲：飯田哲也編曲：飯田哲也／Koma2 Kaz曲名：「江戸の手鞠唄II」（UP-FRONT WORKS）歌唱：℃-ute作詩：吉岡 治作曲：宇崎竜童編曲：川端良征プロデューサー：つんく♂曲名：「ギリギリHERO」（ユニバーサルミュージック株式会社）歌唱：mihimaru GT作曲：hiroko/mitsuyuki miyake作詩：mitsuyuki miyake編曲：鈴木Daichi秀行/mitsuyuki miyakeプロデューサー：tearbridge production曲名：「玄海船歌」（コロンビアミュージックエンタテインメント株式会社）歌唱：氷川きよし作詩：松井由利夫作曲：水森英夫編曲：伊戸のりおプロデューサー：長良じゅん曲名：「JUNGLE DANCE」（エイベックス・エンタテインメント株式会社）歌唱：谷村奈南作詩：shungo.作曲：Martin Ankelius編曲：Koma2 Kaz曲名：「そばにいるね」（ユニバーサルミュージック株式会社）歌唱：青山テルマ feat. Soulja作詩：Soulja作曲：Soulja編曲：佐藤 博プロデュース：川添象郎曲名：「Ti Amo」（エイベックス・エンタテインメント株式会社）歌唱：EXILE作詩：松尾 潔作曲：Jin Nakamura／松尾 潔編曲：Jin Nakamuraプロデューサー：EXILE and HIRO曲名：「どうして君を好きになってしまったんだろう？」（エイベックス・エンタテインメント株式会社）歌唱：東方神起作詩：ラムジ作曲：Fredro Odesjo/Sylvia Bennett-Smith/Mats Berntoft編曲：Fredro Odesjo/Sylvia Bennett-Smith/Mats Berntoft曲名：「Moon Crying」（エイベックス・エンタテインメント株式会社）歌唱：倖田來未作詩：倖田來未作曲：Miwa Furuse編曲：h-wonder/Jun Abe曲名：「やぁ無情」（ビクターエンタテイメント株式会社）歌唱：斉藤和義作詩：斉藤和義／中島伸也作曲：斉藤和義編曲：斉藤和義曲名：「輪島朝市」（株式会社徳間ジャパンコミュニケーションズ）歌唱：水森かおり作詩：木下龍太郎作曲：弦 哲也編曲：前田俊明プロデューサー：長良じゅん,,,,
51,,,,さくらまやSCANDALBIGBANGヒルクライム,,五木ひろし,BIG BUNG,,,,,,,,,曲名：「Someday」歌唱：EXILE作詩：ATSUSHI作曲：miwa furuse編曲：h-wonderプロデューサー：EXILE and HIROプロダクション：株式会社LDH,,,,,,,,,,,,,,,,,,"曲名：「安芸の宮島」歌唱：水森かおり作詩：仁井谷俊也作曲：弦 哲也編曲：前田俊明曲名：「Infinity」歌唱：GIRL NEXT DOOR作詩：千紗 & Kenn Kato作曲：鈴木大輔編曲：GIRL NEXT DOOR & 渡辺徹曲名：「YELL」歌唱：いきものがかり作詩：水野良樹作曲：水野良樹編曲：松任谷正隆曲名：「おまえを連れて」歌唱：北川大介作曲：仁井谷俊也作詩：叶 弦大編曲：川口 真曲名：「手紙〜親愛なる子供たちへ〜」歌唱：樋口了一作詩：樋口了一（補足詞）、角智織（訳詞）作曲：樋口了一編曲：本田優一郎曲名：「Someday」歌唱：EXILE作詩：ATSUSHI作曲：miwa furuse編曲：h-wonder曲名：「Stand by U」歌唱：東方神起作詩：Shinjiroh Inoue作曲：UTA,REO編曲：UTA曲名：「ときめきのルンバ」歌唱：氷川きよし作詩：水木れいじ作曲：水森英夫編曲：伊戸のりお曲名：「また君に恋してる」歌唱：坂本冬美作詩：松井五郎作曲：水森正明編曲：若草 恵曲名：「Lick me♥」歌唱：倖田來未作詩：Kumi Koda作曲：YOO編曲：Hiroto Suzuki曲名：「Rain Is Fallin'」歌唱：w-ins. x G-DRAGON(BIGBANG)作詩：shungo、 G-DRAGON(Rap 詩)作曲：Magnus Lidehall、Jacob Olofsson編曲：Koma2 Kaz",,,,
52,,,,ICONIQ菊地まどか少女時代スマイレージさくらまや,,近藤真彦,スマイレージ,,,,,,,,,曲名：「I Wish For You」歌唱：EXILE作詩：michico作曲：T.Kura、michico編曲：T.Kuraプロデューサー：EXILE and HIROプロダクション：株式会社LDHレコード会社：エイベックス・エンタテイメント株式会社,,,,,,,,,,,,,,,,,,曲名：「I Wish For You」歌唱：EXILE作詩：michico作曲：T.Kura、michico編曲：T.Kura曲名：「逢いたい理由」歌唱：AAA作詩：Kyasu Morizuki、日高光啓作曲：TETSUYA KOMURO編曲：Shinya Saito曲名：「ありがとう」歌唱：いきものがかり作詩：水野良樹作曲：水野良樹編曲：本間昭光曲名：「Tell Me Goodbye」歌唱：BIG BANG作曲：藤林聖子、Perry Borja作詩：Mohombi、Jimmy編曲：Mohombi、Jimmy曲名：「トイレの神様」歌唱：植村花菜作詩：植村花菜、山田ひろし作曲：植村花菜編曲：寺岡呼人曲名：「虹色バイヨン」歌唱：氷川きよし作詩：水木れいじ作曲：水森英夫編曲：伊戸のりお曲名：「New World」歌唱：w-inds.作詩：Ryosuke Imai作曲：Ryosuke Imai編曲：Ryosuke Imai曲名：「Beginner」歌唱：AKB48作詩：秋元 康作曲：井上ヨシマサ編曲：井上ヨシマサ曲名：「松島紀行」歌唱：水森かおり作詩：たかたかし作曲：弦鉄也編曲：伊戸のりお曲名：「Ready to be a lady」歌唱：GIRL NEXT DOOR作詩：千紗 & Kenn Kato作曲：鈴木大輔編曲：GIRL NEXT DOOR & 井上裕規,,,,
53,,,,伊藤美裕SUPER☆GiRLS2NE1Fairies三山ひろし,,坂本冬美,Fairies,,,,,,,,,曲名：「フライングゲット」歌唱：AKB48作詩：秋元 康作曲：すみだしんや編曲：生田真心プロデューサー：秋元 康プロダクション：株式会社AKSレコード会社：キングレコード株式会社,,,,,,,,,,,,,,,,,,"曲名：「Esperanza」歌唱：西野カナ作詩：西野カナ作曲：DJ Mass(VIVID Neon*)、Toshihiro Takita、Hiroshi Yoshida編曲：VIVID Neon* & Toshihiro Takita曲名：「GO GO サマー！」歌唱：KARA作詩：Yu Shimoji作曲：Han Sang Won , Lee Sang Ho編曲：Han Sang Won , Lee Sang Ho曲名：「CALL」歌唱：AAA作詩：Kenn Kato , Rap詞 Mitsuhiro Hidaka作曲：Masanori Takumi編曲：ats-曲名：「この夜を止めてよ」歌唱：JUJU作詩：松尾 潔作曲：松本俊明編曲：Jin Nakamura曲名：「庄内平野 風の中」歌唱：水森かおり作詩：旦野いづみ作曲：弦 哲也編曲：伊戸のりお曲名：「情熱のマリアッチ」歌唱：氷川きよし作詩：水木れいじ作曲：水森英夫編曲：伊戸のりお曲名：「それでも信じてる」歌唱：FUNKY MONKEY BABYS作詩：FUNKY MONKEY BABYS、川村結花作曲：FUNKY MONKEY BABYS、川村結花、YANAGIMAN編曲：YANAGIMAN曲名：「フライングゲット」歌唱：AKB48作詩：秋元 康作曲：すみだしんや編曲：生田真心曲名：「Why? (Keep Your Head Down)」歌唱：東方神起作詩：Yoo, young jin , 日本語詞 Luna作曲：Yoo, han jin 、Yoo, young jin編曲：Yoo, han jin曲名：「笑ってたいんだ」歌唱：いきものがかり作詩：水野良樹作曲：水野良樹編曲：亀田誠治",加山雄三青山和子永 六輔寺内タケシ橋本 淳畠山みどり,,,
54,,,,家入レオ臼澤みさき小野恵令奈ティーナ・カリーナ走 裕介,,天童よしみ,家入レオ,,,,,,,,,曲名：「真夏のSound good!」歌唱：AKB48作曲・編曲：井上ヨシマサ作詩・プロデュース：秋元 康制作：株式会社AKS制作：キングレコード株式会社,,,,,,,,,,,,,,,,,,曲名：「ありがとう」歌唱：水森かおりJUJU作曲：川口大輔作詩：Satomi編曲：蔦谷好位置曲名：「風が吹いている」歌唱：いきものがかり作曲・作詩：水野良樹編曲：亀田誠治曲名：「GO FOR IT!!」歌唱：西野カナ作曲・編曲：FAST LANE作詩：西野カナ曲名：「櫻」歌唱：氷川きよし作曲：平尾昌晃作詩：なかにし礼編曲：若草 恵曲名：「酒のやど」歌唱：香西かおり作曲：森山愼也作詩：池田充男編曲：伊戸のりお曲名：「777 〜We can sing a song! 〜」歌唱：AAA作曲：日比野裕史作詩：leonn/日高光啓編曲：BLUE☆BIRDS曲名：「花火」歌唱：三代目 J Soul Brothers作曲：Hiroki Sagawa作詩：Masato Odake編曲：Yuta Nakano曲名：「White Angel」歌唱：Fairies作曲：BOY SKI MASK/SHIKATA/SYB&IGGY作詩：Satomi曲名：「真夏のSounds good !」歌唱：AKB48作曲・編曲：井上ヨシマサ作詩：秋元 康曲名：「やさしくなりたい」歌唱：斉藤和義作曲・作詩・編曲：斉藤和義,,,,
55,曲名：「EXILE PRIDE〜こんな世界を愛するため〜」歌唱：EXILE作詩：Sean“PHEKOO” Phekoo作曲：ATSUSHI編曲：POCHI〈株式会社ＬＤＨ、エイベックス・エンタテインメント株式会社〉,,,Juice=Juice新里宏太福田こうへい杜 このみ竹島 宏,,大月みやこ,新里宏太,,,,,,,,,,,,,,,,,,,,,,,,,,,曲名：「伊勢めぐり」歌唱：水森かおり作曲：弦 哲也作詩：田久保真見編曲：伊戸のりお曲名：「笑顔」歌唱：いきものがかり作曲・作詩：水野良樹編曲：亀田誠治曲名：「EXILE PRIDE 〜こんな世界を愛するために〜」歌唱：EXILE作曲：Sean“PHEKOO” Phekoo作詩：ATSUSHI編曲：POCHI曲名：「男の火祭り」歌唱：坂本冬美作曲：杉本眞人作詩：たかたかし編曲：南郷達也曲名：「恋音と雨空」歌唱：AAA作曲：岡村洋佑作詩：岡村洋佑／Mitsuhiro Hidaka編曲：生田真心曲名：「恋するフォーチュンクッキー」歌唱：AKB48作曲：伊藤心太郎作詩：秋元 康編曲：武藤星児曲名：「さよなら」歌唱：西野カナ作曲：SAEKI youthK(RzC)作詩：西野カナ／SAEKI youthK(RzC)編曲：Pochi／SAEKI youthK(RzC)曲名：「太陽の女神」歌唱：家入レオ作曲：西尾芳彦／家入レオ作詩：家入レオ編曲：三輪コウダイ曲名：「にんじゃりばんばん」歌唱：きゃりーぱみゅぱみゅ作曲・作詩・編曲：中田ヤスタカ（CAPSULE)曲名：「満天の瞳」歌唱：氷川きよし作曲：大谷明裕作詩：村山由佳編曲：伊戸のりお,,,,
56,,,,大原櫻子 SOLIDEMO 徳永ゆうき 西内まりや第56回日本レコード大賞の様子,,EXILE ATSUSHI,西内まりや香西かおりユニバーサルミュージック合同会社市川由紀乃キングレコード株式会社,,,,,,,,,,,,,,,,,,,,,,,,,,,曲名：『雨のち晴レルヤ』歌唱：ゆず作曲：北川悠仁／佐藤和哉作詩：北川悠仁編曲：CHRYSANTHEMUM BRIDGE ＆ ゆず曲名：『さよならの前に』歌唱：AAA作曲：丸山真由子作詩：森月キャス／Mitsuhiro Hidaka編曲：清水武仁曲名：『Daling』歌唱：西野カナ作曲・編曲：山口隆志作詩：西野カナ曲名：『ちょいときまぐれ渡り鳥』歌唱：氷川きよし作曲：宮下健治作詩：仁井谷俊也編曲：丸山雅仁曲名：『東京VICTORY』歌唱：サザンオールスターズ作曲・作詩：桑田佳祐編曲：サザンオールスターズ曲名：『熱情のスペクトラム』歌唱：いきものがかり作曲・作詩：水野良樹編曲：近藤隆史／田中ユウスケ曲名：『ファミリーパーティー』歌唱：きゃりーぱみゅぱみゅ作曲・作詩・編曲：中田ヤスタカ（CAPSULE）曲名：『炎と森のカーニバル』歌唱：SEKAI NO OWARI作曲・作詩：Fukase編曲：SEKAI NO OWARI/CHRYSANTHEMUM BRIDGE曲名：『ラブラドール・レトリバー』歌唱：AKB48作曲：丸谷マナブ作詩：秋元 康編曲：佐々木 裕曲名：『Ｒ.Ｙ.Ｕ.Ｓ.Ｅ.Ｉ』歌唱：三代目 Ｊ Soul Brothers from EXILE TRIBE作曲：ＳＴＹ／Maozon作詩・編曲：ＳＴＹ,,曲名：『Ｒ.Ｙ.Ｕ.Ｓ.Ｅ.Ｉ.』歌唱：三代目 Ｊ Soul Brothers from EXILE TRIBE作曲：ＳＴＹ／Maozon作詩・編曲：ＳＴＹ,,
57,,,,lol  こぶしファクトリー  花岡なつみ  安田レイ,,松田聖子,こぶしファクトリー石川さゆり㈱テイチクエンタテイメント山内惠介ビクターエンタテイメント㈱,,,,,,,,,,,,,,,,,,,,,,,,,,,曲名：『愛してるのに、愛せない』歌唱：AAA作曲：ArmySlick/Jam9作詩：KAJI KATSURARap詩：Mitsuhiro Hidaka編曲：ats-曲名：『ありがとうForever…』歌唱：西内まりや作曲・作詩・編曲：西内まりや曲名：『Unfair World』歌唱：三代目 J Soul Brothers from EXILE TRIBE作曲・編曲：Mitsu. J作詩：小竹正人曲名：『愛しのテキーロ』歌唱：氷川きよし作曲：YORI作詩：橋詰亮子編曲：中山 聡曲名：『お岩木山』歌唱：三山ひろし作曲：中村典正作詩：千葉幸雄編曲：伊戸のりお曲名：『トリセツ』歌唱：西野カナ作曲：DJ Mass （VIVID Neon*）/Shoko Mochiyama/etsuco作詩：西野カナ編曲：Naoki Itai曲名：『僕たちは戦わない』歌唱：AKB48作曲：Yo-Hey作詩：秋元 康編曲：佐々木 裕曲名：『もんだいガール』歌唱：きゃりーぱみゅぱみゅ作曲・作詩・編曲：中田ヤスタカ（CAPSULE）曲名：『大和路の恋』歌唱：水森かおり作曲：弦 哲也作詩：仁井谷俊也編曲：前田俊明曲名：『私以外私じゃないの』歌唱：ゲスの極み乙女。作曲・作詩・編曲：川谷絵音,,曲名：『Unfair World』歌唱：三代目 Ｊ Soul Brothers from EXILE TRIBE作曲・編曲：Mitsu. J作詩：小竹正人,,
58,,,,iKON林部智史羽山みずきBOYS AND MEN,,鈴木雅之城之内早苗山川豊,iKON,,,,,,,,,,,,,,,,,,,,,,,,,,,「海の声」 浦島太郎 (桐谷健太)作曲：島袋優(BEGIN) 作詩：篠原誠 編曲：山下宏明「女は抱かれて鮎になる」 坂本冬美作曲：弦哲也 作詩：荒木とよひさ 編曲：南郷達也「最＆高」 きゃりーぱみゅぱみゅ作曲・作詞・編曲：中田ヤスタカ「365日の紙飛行機」 AKB48作曲：角野寿和／青葉紘季 作詩：秋元康 編曲：清水哲平「涙のない世界」 AAA作曲：日比野裕史 作詩：森月キャス rap詩：Mitsuhiro Hidaka編曲：ats-／清水武仁／渡辺徹「花束を君に」 宇多田ヒカル作曲・作詩・編曲：宇多田ヒカル「BELIEVE」 西内まりや作曲・編曲：Zen Nishizawa／Yousuke 作詩：西内まりや「みれん心」 氷川きよし作曲：水森英夫 作詩：志賀大介 編曲：伊戸のりお「ラストシーン」 いきものがかり作曲・作詩：水野良樹 編曲：島田昌典,,「あなたの好きなところ」 西野カナ作曲：Carlos K.／Yo-Hey 作詩：西野カナ 編曲：Carlos K.,「PPAP (ペンパイナッポーアッポーペン)」ピコ太郎,船村 徹
59,,,,つばきファクトリー中澤卓也NOBUUNIONE,,天童よしみ,つばきファクトリー杜 このみ,,,,,,,,,,,,,,,,,,,,,,,,,,,「インフルエンサー」 ◆乃木坂46作曲：すみだしんや 作詩：秋元 康 編曲：APAZZI「EXCITE」 ◆三浦大知作曲：Carpainter/Kaneta Okajima 作詩：Kaneta Okajima編曲：UTA/Carpainter「男の絶唱」 ◆氷川きよし作曲：宮下健治 作詩：原 文彦 編曲：丸山雅仁「男の流儀」 ◆三山ひろし作曲：中村典正 作詩：石原信一 編曲：丸山雅仁「風に吹かれても」 ◆欅坂46作曲：シライシ紗トリ 作詩：秋元 康 編曲：シライシ紗トリ「キラキラ feat. カンナ」 ◆AI作曲：AI/UTA 作詩：AI 編曲：AI/UTA for Tiny Voice Production「手をつなぐ理由」 ◆西野カナ作曲：Katsuhiko Yamamoto 作詩：西野カナ/Katsuhiko Yamamoto編曲：Katsuhiko Yamamoto/Naoki Itai「願いごとの持ち腐れ」 ◆AKB48作曲：内山 栞 作詩：秋元 康 編曲：若田部 誠「LIFE」 ◆AAA作曲：岩田秀聡/永野大輔 作詩：小松レナ/森月キャス/Leonn編曲：ats-/大西克巳/渡辺 徹/日比野裕史「RAIN」 ◆SEKAI NO OWARI作曲：Nakajin/Fukase&Saori 作詩：Fukase&Saori編曲：SEKAI NO OWARI/小林武史,,「インフルエンサー」乃木坂46,,
60,,,,STU48、辰巳ゆうとChuning Candy、BiSH,,◆MISIAMISIA,辰巳ゆうと純烈,,,,,,,,,「シンクロニシティ」 ◆乃木坂46,,,,,,,,,,,,,,,,,,「アンビバレント」 ◆欅坂46作曲・編曲：浦島健太/TETTA 作詩：秋元 康「いごっそ魂」 ◆三山ひろし作曲：中村典正 作詩：久仁京介 編曲：伊戸のりお「Wake Me Up」 ◆TWICE作曲：Atsushi Shimada/Louise Frick Sveen/Albin Nordqvist作詩：Natsumi Watanabe 編曲：Atsushi Shimada「サザンカ」 ◆SEKAI NO OWARI作曲：NAKAJIN & Fukase 作詩：Fukase & Saori編曲：SEKAI NO OWARI/小林武史「勝負の花道」 ◆氷川きよし作曲：四方章人 作詩：朝倉 翔 編曲：石倉重信「シンクロニシティ」 ◆乃木坂46作曲・編曲：シライシ紗トリ 作詩：秋元 康「Teacher Teacher」 ◆AKB46作曲：陽向佑斗/早川博隆/Belex 作詩：秋元 康 編曲：Belex/早川博隆「Be Myself」 ◆三浦大和作曲・作詩・編曲：Nao'ymt「Bedtime Story」 ◆西野カナ作曲：山本加津彦 作詩：西野カナ 編曲：Naoki Itai（MUSIC FOR MUSIC）「U.S.A」 ◆DA PUMP作曲：ACCATINO CLAUDIO/CIRELLIDONATELLA/GIOCO ANNA MARIA作詩：CIRELLIDONATELLA/LOMBARADONI SEVERINO（日本語詞：shungo）編曲：KAZ,,,,
61,,,,海蔵亮太新浜レオンBEYOOOOONDS彩青,,◆市川由紀乃,BEYOOOOONDS丘みどり,,,,,,,,,「パプリカ」◆Foorin,,,,,,,,,,,,,,,,,,「ECHO」 ◆Little Glee Monster「片隅」 ◆三浦大知「黒い羊」 ◆欅坂46「サステナブル」 ◆AKB48「純烈のハッピーバースデー」 ◆純烈「Sing Out!」 ◆乃木坂46「大丈夫」 ◆氷川きよし「ドレミソラシド」 ◆日向坂46「P.A.R.T.Y.〜ユニバース・フェスティバル〜」 ◆DA PUMP「パプリカ」 ◆Foorin,,,,
